14	1	ACTI/FULL	Axis Apex Core
14	1	ACTI/FULL	Grav Spine Log
15	1	ACTI/FULL	Cold Yard Index
15	1	ACTI/FULL	Dustline Marker
15	1	ACTI/FULL	Ghost Sky Trace
15	1	ACTI/FULL	Grav Echo Cache
15	1	ACTI/FULL	Mesh Anchor Log
15	1	ACTI/FULL	Outlaw Terminal
16	1	ACTI/FULL	Blind Echo Cache
16	1	ACTI/FULL	Echo Vector Hull
16	1	ACTI/FULL	Ghost Triage Log
16	1	ACTI/FULL	Ghost Vector Log
16	1	ACTI/FULL	Grav Echo Sample
16	1	ACTI/FULL	Grav Margin Memo
16	1	ACTI/FULL	Grav Shear Trial
16	1	ACTI/FULL	Lattice Echo Log
16	1	ACTI/FULL	Storm Vector Log
16	1	ACTI/FULL	USV Anomaly Core
17	1	ACTI/FULL	Blind Conduit Map
17	1	ACTI/FULL	Cold Orbit Ledger
17	1	ACTI/FULL	Deep Route Ledger
17	1	ACTI/FULL	Drift-Turn Debris
17	1	ACTI/FULL	Ghost Channel Log
17	1	ACTI/FULL	Ghost Drift Chart
17	2	ACTI/FULL	Ghost Vector Ping
17	1	ACTI/FULL	Grav Choir Uplink
17	2	ACTI/FULL	Grav Drift Beacon
17	1	ACTI/FULL	Grav Drift Ledger
17	1	ACTI/FULL	Grav Echo Readout
17	1	ACTI/FULL	Grav Ghost Beacon
17	1	ACTI/FULL	Grav-Flux Solvent
17	1	ACTI/FULL	Gravshadow Anchor
17	1	ACTI/FULL	Lattice Drift Key
17	1	ACTI/FULL	Loss Ledger Shard
17	1	ACTI/FULL	Origen Uplink Map
17	1	ACTI/FULL	Quiet Current Log
17	1	ACTI/FULL	Quiet Dock Rumors
17	1	ACTI/FULL	Red Variance Core
17	1	ACTI/FULL	Silent Vector Key
17	1	ACTI/FULL	Spiral Route Drum
17	1	ACTI/FULL	Vector Echo Stack
17	1	ACTI/FULL	Vent Cycle Ledger
17	1	ACTI/FULL	Warm Corridor Log
18	1	ACTI/FULL	Anchor Vector Ping
18	1	ACTI/FULL	Array Theta Sketch
18	1	ACTI/FULL	Broken Transit Log
18	1	ACTI/FULL	Corridor Phase Map
18	1	ACTI/FULL	Echo Triage Packet
18	1	ACTI/FULL	Fracture Sky Shard
18	1	ACTI/FULL	Ghost Berth Ledger
18	3	ACTI/FULL	Ghost Corridor Log
18	1	ACTI/FULL	Ghost Fleet Ledger
18	1	ACTI/FULL	Ghost Vector Crate
18	1	ACTI/FULL	Ghost Vector Index
18	1	ACTI/FULL	Grav Echo Manifold
18	1	ACTI/FULL	Grav-Scored Barrel
18	1	ACTI/FULL	Gravgate Manifests
18	1	ACTI/FULL	Grey Seeder Sample
18	1	ACTI/FULL	Highland Route Map
18	1	ACTI/FULL	Horizon Vector Map
18	1	ACTI/FULL	Last Cohort Vector
18	1	ACTI/FULL	Off-Lane Echo Grid
18	1	ACTI/FULL	Quiet Hand Routing
18	1	ACTI/FULL	Silent Farm Uplink
18	1	ACTI/FULL	Split Odds Archive
18	1	ACTI/FULL	Split Range Beacon
19	1	ACTI/FULL	Cask Vector Overlay
19	1	ACTI/FULL	Cohort Anchor Array
19	1	ACTI/FULL	Cohort Drift Signal
19	1	ACTI/FULL	Cohort Routing Core
19	1	ACTI/FULL	Cold Room Telemetry
19	1	ACTI/FULL	Crimson Route Ghost
19	1	ACTI/FULL	Drift-Edge Manifest
19	1	ACTI/FULL	Dual Chain Manifest
19	1	ACTI/FULL	Echo Coil Schedules
19	1	ACTI/FULL	Echo Correlator Log
19	1	ACTI/FULL	Echo Drift Manifest
19	1	ACTI/FULL	Echo Waste Manifold
19	1	ACTI/FULL	Ghost Corridor Seed
19	1	ACTI/FULL	Grav Drift Manifest
19	1	ACTI/FULL	Grav Runner Dossier
19	1	ACTI/FULL	Gravblind Route Map
19	1	ACTI/FULL	Grave Vector Beacon
19	2	ACTI/FULL	Grey Orchard Vector
19	1	ACTI/FULL	Hidden Drift Ledger
19	1	ACTI/FULL	Lattice Hauler Logs
19	1	ACTI/FULL	Ledger Drift Beacon
19	1	ACTI/FULL	Queue Depth Samples
19	1	ACTI/FULL	Redline Harvest Log
19	1	ACTI/FULL	Shadow Ledger Cache
19	1	ACTI/FULL	Skyline Relay Token
19	1	ACTI/FULL	Spin Cascade Ledger
19	1	ACTI/FULL	Spiral Vector Draft
19	2	ACTI/FULL	Split Vector Ledger
19	1	ACTI/FULL	Storm Client Ledger
19	1	ACTI/FULL	Umbra Forecast Grid
19	1	ACTI/FULL	Underbelly Risk Map
19	1	ACTI/FULL	Undergrid Audit Key
20	1	ACTI/FULL	Anchor Alignment Log
20	1	ACTI/FULL	Anchor Trace Residue
20	1	ACTI/FULL	Aphelion Test Window
20	1	ACTI/FULL	Cairn Approach Chart
20	1	ACTI/FULL	Conduction Spill Map
20	1	ACTI/FULL	Drift Bloom Cultures
20	1	ACTI/FULL	Drift-Lane Manifests
20	1	ACTI/FULL	Dryline Intake Rumor
20	1	ACTI/FULL	Echo Manifold Sample
20	1	ACTI/FULL	Entropy Seed Archive
20	1	ACTI/FULL	Forgotten Muster Log
20	1	ACTI/FULL	Forked Docket Routes
20	1	ACTI/FULL	Gagarin Route Sketch
20	1	ACTI/FULL	Ghost Audit Schedule
20	1	ACTI/FULL	Ghost Lane Manifolds
20	1	ACTI/FULL	Ghost Vector Lattice
20	1	ACTI/FULL	Ghostlane Routechart
20	1	ACTI/FULL	Grav Silence Residue
20	1	ACTI/FULL	Graveyard Anchor Map
20	1	ACTI/FULL	Iridium Shadow Cache
20	1	ACTI/FULL	Meridian Drift Array
20	1	ACTI/FULL	Muted Farm Telemetry
20	1	ACTI/FULL	Node-V0 Cascade Core
20	1	ACTI/FULL	Offset Jump Manifold
20	1	ACTI/FULL	Periapsis Vector Log
20	2	ACTI/FULL	Quiet Orbit Manifold
20	1	ACTI/FULL	Redline Drift Vector
20	1	ACTI/FULL	Redlined Grow Schema
20	1	ACTI/FULL	Rust-Scored Junction
20	1	ACTI/FULL	Second Shadow Vector
20	1	ACTI/FULL	Silent Airflag Stack
20	1	ACTI/FULL	Silent Horizon Array
20	1	ACTI/FULL	Silent Skyhand Route
20	1	ACTI/FULL	Silent Triage Sample
20	1	ACTI/FULL	Silent Vector Beacon
20	1	ACTI/FULL	Split Corridor Cache
20	1	ACTI/FULL	Split Vector Archive
20	1	ACTI/FULL	Splitband Access Key
20	1	ACTI/FULL	Stormpath Seed Cache
20	1	ACTI/FULL	Sublevel Circuit Map
20	1	ACTI/FULL	Underwell Access Key
20	1	ACTI/FULL	Veiled Vector Beacon
20	1	ACTI/FULL	White Corridor Chart
21	1	ACTI/FULL	Anomaly Window Schema
21	1	ACTI/FULL	Brace Pattern Archive
21	1	ACTI/FULL	Cascade Variance Logs
21	1	ACTI/FULL	Cask Transit Schedule
21	1	ACTI/FULL	Chalkline Transit Map
21	1	ACTI/FULL	Convergent Lane Cache
21	1	ACTI/FULL	Crossroads Triage Log
21	1	ACTI/FULL	Deimos Ghost Registry
21	1	ACTI/FULL	Dryline Departure Log
21	1	ACTI/FULL	Fog Corridor Manifest
21	1	ACTI/FULL	Ghost Approach Buffer
21	1	ACTI/FULL	Ghost Corridor Marker
21	1	ACTI/FULL	Ghost Shift Manifests
21	1	ACTI/FULL	Ghost Vector Manifold
21	1	ACTI/FULL	Ghostlane Vector Node
21	1	ACTI/FULL	Grav Shroud Prototype
21	1	ACTI/FULL	Grave Drift Telemetry
21	1	ACTI/FULL	Graveyard Orbit Pings
21	1	ACTI/FULL	Graveyard Vector Plot
21	1	ACTI/FULL	Harmonic Fault Cipher
21	1	ACTI/FULL	Off-Grid Vector Cache
21	1	ACTI/FULL	Rainline Transfer Log
21	1	ACTI/FULL	Shoreline Fuel Window
21	1	ACTI/FULL	Silent Corridor Draft
21	1	ACTI/FULL	Silent Cycle Manifold
21	1	ACTI/FULL	Silent Graveyard Echo
21	1	ACTI/FULL	Silent Lattice Schema
21	1	ACTI/FULL	Skyline Vector Ledger
21	1	ACTI/FULL	Split Vector Manifold
22	1	ACTI/FULL	Ashfall Retrofit Specs
22	1	ACTI/FULL	Blind Anchor Blueprint
22	1	ACTI/FULL	Cassini Black Manifest
22	1	ACTI/FULL	Confluence Drift Array
22	1	ACTI/FULL	Confluence Relay Chart
22	2	ACTI/FULL	Crucial Lead on Target
22	1	ACTI/FULL	Deimos Transfer Ledger
22	1	ACTI/FULL	Divergent Beacon Cache
22	1	ACTI/FULL	Driftfield Return Path
22	1	ACTI/FULL	Echo Corridor Snapshot
22	1	ACTI/FULL	Forked Approach Beacon
22	1	ACTI/FULL	Ghost Vector Residuals
22	1	ACTI/FULL	Gravewake Drift Sample
22	1	ACTI/FULL	Gravflux Trial Mixture
22	1	ACTI/FULL	Gravshadow Survey Ping
22	1	ACTI/FULL	Hearthline Return Path
22	1	ACTI/FULL	Orbital Service Beacon
22	1	ACTI/FULL	Periapsis Drone Beacon
22	1	ACTI/FULL	Protocol Recall Marker
22	1	ACTI/FULL	Resonance Chain Beacon
22	1	ACTI/FULL	Rooftop Drift Corridor
22	1	ACTI/FULL	Semaphore Access Stack
22	1	ACTI/FULL	Silent Corridor Sample
22	1	ACTI/FULL	Spiral Targeting Suite
22	1	ACTI/FULL	Split Beacon Telemetry
22	1	ACTI/FULL	Split Vector Telemetry
22	1	ACTI/FULL	Underbelly Brace Route
22	1	ACTI/FULL	Underbelly Mech Vector
22	1	ACTI/FULL	Wellroot Timing Ledger
23	1	ACTI/FULL	Catalyst Broadcast Core
23	1	ACTI/FULL	Donor Transfer Protocol
23	1	ACTI/FULL	Frontier Culture Medium
23	1	ACTI/FULL	Ghostline Backtrace Log
23	1	ACTI/FULL	Grav Corridor Manifests
23	1	ACTI/FULL	Gravelight Vector Pings
23	1	ACTI/FULL	Graveyard Drift Samples
23	1	ACTI/FULL	Graveyard Route Overlay
23	1	ACTI/FULL	Graveyard Routing Table
23	1	ACTI/FULL	Gravshadow Drift Sample
23	1	ACTI/FULL	Offset Manifolds Ledger
23	1	ACTI/FULL	Periapsis Growth Medium
23	1	ACTI/FULL	Periapsis Substrate Log
23	1	ACTI/FULL	Sanitized Battle Ledger
23	1	ACTI/FULL	Serpent Pressure Vector
23	1	ACTI/FULL	Silent Shellband Sketch
23	1	ACTI/FULL	Silent Transit Schedule
23	1	ACTI/FULL	Smuggler Route Manifold
23	1	ACTI/FULL	Smuggler's Approach Log
23	1	ACTI/FULL	Spacer Satellite Beacon
23	1	ACTI/FULL	Underbelly Recall Cache
24	1	ACTI/FULL	Bifurcated Lagrange Path
24	1	ACTI/FULL	Collateral Routing Crate
24	1	ACTI/FULL	Contraband Vector Schema
24	1	ACTI/FULL	Crimson Satellite Beacon
24	1	ACTI/FULL	Displaced Mech Telemetry
24	1	ACTI/FULL	Drift-Corrupted Manifest
24	1	ACTI/FULL	Dustback Drift Manifests
24	1	ACTI/FULL	Garrison Archive Exhibit
24	1	ACTI/FULL	Ghost Corridor Telemetry
24	1	ACTI/FULL	Ghostlane Spill Manifest
24	1	ACTI/FULL	Graveyard Vector Lattice
24	1	ACTI/FULL	Gravline Pattern Archive
24	1	ACTI/FULL	Hearthline Drop Schedule
24	1	ACTI/FULL	Sanctuary Route Firmware
24	1	ACTI/FULL	Semaphore Approach Stack
24	1	ACTI/FULL	Underbelly Load Schedule
24	1	ACTI/FULL	Underbelly Vector Routes
25	1	ACTI/FULL	Bifurcated Telemetry Node
25	1	ACTI/FULL	Breathfall Trajectory Log
25	1	ACTI/FULL	Ecliptic Satellite Beacon
25	1	ACTI/FULL	Graveyard Shipping Markup
25	1	ACTI/FULL	Hearthline Vector Archive
25	1	ACTI/FULL	Heliotrope Approach Table
25	1	ACTI/FULL	Hydroponic Vector Lattice
25	1	ACTI/FULL	Second Ascent Coordinates
25	2	ACTI/FULL	Silent Orchard Trajectory
25	1	ACTI/FULL	Skytrace Calibration Node
25	1	ACTI/FULL	Stormforge Telemetry Core
26	1	ACTI/FULL	Ghostlane Dispatch Archive
26	1	ACTI/FULL	Gravwake Convergence Chart
26	1	ACTI/FULL	Underwriter Port Schedules
27	1	ACTI/FULL	Driftfield Service Manifold
27	1	ACTI/FULL	Ghostlane Contraband Ledger
27	1	ACTI/FULL	Underbelly Vector Manifests
