15	4	ARMO/FULL	Grav Echo Visor
16	4	ARMO/FULL	Dead Drift Visor
16	4	ARMO/FULL	Grav Fault Visor
16	4	ARMO/FULL	Grav Lane Shroud
17	4	ARMO/FULL	Grav Scar Pursuit
17	8	ARMO/FULL	Grim Triage Visor
17	4	ARMO/FULL	Tempest Run Aegis
17	4	ARMO/FULL	Underwriter Visor
18	4	ARMO/FULL	Apogee Ghost Visor
18	4	ARMO/FULL	Echo Lane Revenant
18	4	ARMO/FULL	Ghost Vector Aegis
18	4	ARMO/FULL	Ghost Vector Visor
18	4	ARMO/FULL	Grav Ghost Harness
18	4	ARMO/FULL	Grav Phantom Visor
18	4	ARMO/FULL	Silent Route Visor
18	4	ARMO/FULL	Surgeon of Silence
18	4	ARMO/FULL	Tempest Line Visor
19	4	ARMO/FULL	Event Horizon Aegis
19	4	ARMO/FULL	Event Horizon Shell
19	4	ARMO/FULL	Grav Ghost Carapace
19	4	ARMO/FULL	Grav Shadow Courier
19	4	ARMO/FULL	Grav Whisper Shroud
20	4	ARMO/FULL	Apex Vector Carapace
20	4	ARMO/FULL	Ghost Corridor Aegis
20	4	ARMO/FULL	Grav Warden Carapace
20	4	ARMO/FULL	Gravlock Pursuer Rig
20	4	ARMO/FULL	Null Horizon Harness
20	4	ARMO/FULL	Redline Vectorshroud
20	4	ARMO/FULL	Void Ledger Carapace
20	4	ARMO/FULL	Zealot Survey Visage
21	4	ARMO/FULL	Garrison of the Graft
21	4	ARMO/FULL	Grav Corridor Bulwark
21	4	ARMO/FULL	Grav Ghost Flightpack
21	4	ARMO/FULL	Grav Ghost Shocktroop
21	4	ARMO/FULL	Gravyard Rigger Visor
21	4	ARMO/FULL	Ledger Ghost Carapace
21	4	ARMO/FULL	Mercury Silent Vector
21	4	ARMO/FULL	Mnemonic Deepline Rig
21	4	ARMO/FULL	Null Meridian Harness
21	4	ARMO/FULL	Silent Vector Harness
21	4	ARMO/FULL	Starline Ghost Vector
21	4	ARMO/FULL	Vacuum Apostle Wardog
22	4	ARMO/FULL	Cold Locker Deepseeker
22	4	ARMO/FULL	Foreclosure Ward Shell
22	4	ARMO/FULL	Ghost Ledger Mercenary
22	4	ARMO/FULL	Ghost Vector Navigator
22	4	ARMO/FULL	Ghostline Triage Visor
22	4	ARMO/FULL	Graveline Covenant Rig
22	4	ARMO/FULL	Gravshade SysDef Visor
22	4	ARMO/FULL	Gravyard Reclaimer Rig
22	4	ARMO/FULL	Ledger Wraith Carapace
22	4	ARMO/FULL	Mercury of the Dryline
22	4	ARMO/FULL	Stormline Marauder Rig
22	4	ARMO/FULL	Synapse Hijacker Visor
22	4	ARMO/FULL	SysDef Whisper Reagent
23	4	ARMO/FULL	Armistice Ghost Harness
23	4	ARMO/FULL	Ghostframe Salvager Rig
23	4	ARMO/FULL	Ghostlane Command Visor
23	4	ARMO/FULL	Ghostlane Recon Harness
23	4	ARMO/FULL	Ghostyard Foreman Visor
23	4	ARMO/FULL	Gravemark Phantom Visor
23	4	ARMO/FULL	Gravlane Revenant Aegis
23	4	ARMO/FULL	Gravlane Shade Deepcore
23	4	ARMO/FULL	Gravyard Vector Harness
23	4	ARMO/FULL	Liminal Corridor Shroud
23	4	ARMO/FULL	Ranger of the Last Jump
23	4	ARMO/FULL	Threshold Navigator Rig
23	4	ARMO/FULL	Va'ruun Starfall Vector
24	4	ARMO/FULL	Deimos Ghostline Harness
24	4	ARMO/FULL	Ecliptic Stormrunner Rig
24	4	ARMO/FULL	Ghostlane Vanguard Visor
24	4	ARMO/FULL	Ghostline SysDef Harness
24	4	ARMO/FULL	Grav Lattice Wraith Suit
24	4	ARMO/FULL	Grav Shear Apostate Suit
24	4	ARMO/FULL	Gravfall Pursuer Harness
24	4	ARMO/FULL	Gravline Phantom Harness
24	4	ARMO/FULL	Ranger of Broken Vectors
24	4	ARMO/FULL	Siegebreaker Medic Visor
24	4	ARMO/FULL	Silent Corridor Carapace
24	4	ARMO/FULL	Va'ruun Ashstorm Bastion
24	4	ARMO/FULL	Weatherwright Exo-Shroud
25	4	ARMO/FULL	Cydonia Ghost Vector Pack
25	4	ARMO/FULL	Dead Horizon Survey Visor
25	4	ARMO/FULL	Gravblind Deadspace Visor
25	4	ARMO/FULL	Mercenary of Broken Lanes
25	4	ARMO/FULL	Null Vector Constellation
25	4	ARMO/FULL	Scuttler of Official Lies
25	4	ARMO/FULL	Veilrunner Startrack Pack
25	4	ARMO/FULL	Voidline Apparition Armor
26	4	ARMO/FULL	Ghostbreaker Salvage Visor
26	4	ARMO/FULL	Graveyard Arbitrator Visor
26	4	ARMO/FULL	Star Roamer Balancebreaker
26	4	ARMO/FULL	Stormlit Serpentfall Visor
27	4	ARMO/FULL	Grav-Cut Cartographer Aegis
27	4	ARMO/FULL	Grav-Fracture Foreman Visor
27	4	ARMO/FULL	Ledgerbreaker Explorer Pack
27	4	ARMO/FULL	Va'ruun Balancebreaker Pack
28	4	ARMO/FULL	Deepseeker Ghost Vector Pack
28	4	ARMO/FULL	Rootfire Containment Harness
