9	1	BOOK/FULL	Lore Book
11	1	BOOK/FULL	Paper Ships
12	1	BOOK/FULL	Bent Vectors
13	1	BOOK/FULL	Redrawn Lanes
13	1	BOOK/FULL	Silent Vector
14	1	BOOK/FULL	Minor Variance
14	3	BOOK/FULL	Silent Vectors
14	1	BOOK/FULL	Storm Echo Log
14	1	BOOK/FULL	Throat Of Neon
15	1	BOOK/FULL	Aegis Drift Log
15	1	BOOK/FULL	Grav Echo Slate
15	1	BOOK/FULL	Grav Shadow Log
15	1	BOOK/FULL	Grid Ghost Logs
15	1	BOOK/FULL	Off-Axis Origin
15	1	BOOK/FULL	Relay Ghost Log
15	1	BOOK/FULL	Rhea Park Notes
15	1	BOOK/FULL	Vector Fork Log
16	1	BOOK/FULL	Anchor Drift Log
16	1	BOOK/FULL	Dead Seed Ledger
16	1	BOOK/FULL	Ghost Lane Audit
16	1	BOOK/FULL	Grav Echo Ledger
16	1	BOOK/FULL	Grav-Shadow Echo
16	2	BOOK/FULL	Graveyard Signal
16	1	BOOK/FULL	Kryx Return Path
16	1	BOOK/FULL	Mesh Trace Index
16	1	BOOK/FULL	Nia Calder Notes
16	1	BOOK/FULL	Quiet Eye Vector
16	1	BOOK/FULL	Shadow Asset Log
16	1	BOOK/FULL	Shadow Manifests
16	1	BOOK/FULL	Soft Singularity
16	1	BOOK/FULL	Spiral Drift Log
16	1	BOOK/FULL	Vector Drift Log
17	1	BOOK/FULL	Abort Horizon Log
17	1	BOOK/FULL	Echo Ledger Route
17	1	BOOK/FULL	Echo Uplink Route
17	1	BOOK/FULL	Edge Of Harmonics
17	1	BOOK/FULL	Ghost Salvage Log
17	1	BOOK/FULL	Grav Shear Ledger
17	1	BOOK/FULL	Grave Spin Ledger
17	1	BOOK/FULL	Haunted Corridors
17	1	BOOK/FULL	Jonah Patel Diary
17	1	BOOK/FULL	Kade Mercer Diary
17	1	BOOK/FULL	Lanes Gone Silent
17	1	BOOK/FULL	Last Window Chart
17	1	BOOK/FULL	Ledger Spiral Map
17	1	BOOK/FULL	Lena Cho Overview
17	1	BOOK/FULL	Lies In The Lanes
17	1	BOOK/FULL	Mara Kessel Notes
17	1	BOOK/FULL	Neon Ledger Lines
17	1	BOOK/FULL	Paper Ghost Lanes
17	1	BOOK/FULL	Scorched Manifest
17	1	BOOK/FULL	Silent Convoy Log
17	1	BOOK/FULL	Space Quest Test 
17	1	BOOK/FULL	Tangent Relay Log
17	1	BOOK/FULL	Thermal Drift Log
17	1	BOOK/FULL	Tidal Route Index
18	1	BOOK/FULL	Aegis Shadow Trace
18	1	BOOK/FULL	Blind Airpath Logs
18	1	BOOK/FULL	Dead Ledger Rising
18	2	BOOK/FULL	Dust Haze Corridor
18	1	BOOK/FULL	Dust-Shifted Lanes
18	1	BOOK/FULL	Echo Fork Registry
18	1	BOOK/FULL	Echo Vector Ledger
18	3	BOOK/FULL	Echoes In The Grid
18	2	BOOK/FULL	Echoes In The Void
18	2	BOOK/FULL	Ghost In The Lanes
18	1	BOOK/FULL	Ghost Window Chart
18	1	BOOK/FULL	Ghosts In The Grid
18	1	BOOK/FULL	Grave Signal Drift
18	1	BOOK/FULL	Gravemarked Routes
18	1	BOOK/FULL	Grim Cohort Ledger
18	1	BOOK/FULL	Jonas Mercer Notes
18	1	BOOK/FULL	Kade Pocket Ledger
18	1	BOOK/FULL	Margins Of Treason
18	1	BOOK/FULL	Null Vector Ledger
18	1	BOOK/FULL	Offset Transit Log
18	1	BOOK/FULL	Relay Spine Schema
18	1	BOOK/FULL	Shadow In The Jump
18	1	BOOK/FULL	Silent Corrections
18	1	BOOK/FULL	Silent Exit Ledger
18	1	BOOK/FULL	Silent Yard Ledger
18	1	BOOK/FULL	Split Route Ledger
18	2	BOOK/FULL	Test Mission Slate
18	1	BOOK/FULL	Tycho Reddan Diary
18	1	BOOK/FULL	Variance Drift Log
19	1	BOOK/FULL	Aegis Shadow Routes
19	1	BOOK/FULL	Bent Orbits Whisper
19	1	BOOK/FULL	Caleb Ordonez Diary
19	1	BOOK/FULL	Cheyenne Vector Log
19	1	BOOK/FULL	Cold Brace Manifest
19	1	BOOK/FULL	Drifting Clinic Log
19	1	BOOK/FULL	Echoes In The Drift
19	2	BOOK/FULL	Echoes In The Lanes
19	1	BOOK/FULL	Echoes On The Ridge
19	1	BOOK/FULL	First Threads Drawn
19	1	BOOK/FULL	Fold Inversion Path
19	1	BOOK/FULL	Forked Vector Cache
19	1	BOOK/FULL	Grey Track Manifold
19	1	BOOK/FULL	Iron Unit Statement
19	1	BOOK/FULL	Jaxon Hale Overview
19	1	BOOK/FULL	Naomi Verrick Diary
19	1	BOOK/FULL	Quiet Triage Echoes
19	1	BOOK/FULL	Quiet Yard Manifest
19	1	BOOK/FULL	Shadow Registry Map
19	1	BOOK/FULL	Shadow Route Ledger
19	1	BOOK/FULL	Silent Vector Brief
19	1	BOOK/FULL	Spiral Dispatch Log
19	1	BOOK/FULL	Vectors In The Glow
19	1	BOOK/FULL	Whispers In The Air
20	1	BOOK/FULL	Crates On Lost Lanes
20	1	BOOK/FULL	Dual Vector Manifest
20	1	BOOK/FULL	Echoes In The Buffer
20	1	BOOK/FULL	Ghost Corridor Index
20	1	BOOK/FULL	Ghostlane Access Log
20	1	BOOK/FULL	Ghosts in the Wiring
20	1	BOOK/FULL	Grave Lattice Ledger
20	1	BOOK/FULL	Gravelight Drift Log
20	1	BOOK/FULL	Gravline On The Wire
20	1	BOOK/FULL	Gravline Route Index
20	1	BOOK/FULL	Green Corridor Draft
20	1	BOOK/FULL	Highland Shadow Ping
20	1	BOOK/FULL	Jonas Mercer Summary
20	1	BOOK/FULL	Lena Park Ship Notes
20	1	BOOK/FULL	Mara Kincaid Recount
20	1	BOOK/FULL	Naomi Patel Overview
20	1	BOOK/FULL	Neglected Drift Logs
20	1	BOOK/FULL	Noah Rhee Crew Notes
20	1	BOOK/FULL	Null Window Briefing
20	1	BOOK/FULL	Paperwork to Nowhere
20	1	BOOK/FULL	Quiet Grid Schematic
20	1	BOOK/FULL	Rhea Donnelly Ledger
20	1	BOOK/FULL	Silent Harbor Ledger
20	1	BOOK/FULL	Silent Routes Rising
20	1	BOOK/FULL	Stolen Vector Tablet
20	1	BOOK/FULL	Storm Table Fragment
20	1	BOOK/FULL	Tomas Calder Recount
20	1	BOOK/FULL	Twin Storm Corridors
20	1	BOOK/FULL	Twinband Route Cache
20	1	BOOK/FULL	Vector Route Archive
20	1	BOOK/FULL	Whispers In The Gale
20	1	BOOK/FULL	Whispers In Thin Air
20	1	BOOK/FULL	Whispers On The Line
20	1	BOOK/FULL	Zero Point Itinerary
21	2	BOOK/FULL	Blind Corridor Ledger
21	1	BOOK/FULL	Bloodied Unit Summary
21	1	BOOK/FULL	Blueglass Access Path
21	1	BOOK/FULL	Broken Grid Handshake
21	1	BOOK/FULL	Convergence Relay Log
21	1	BOOK/FULL	Darin Voss Ship Notes
21	1	BOOK/FULL	Discarded Route Shard
21	1	BOOK/FULL	Drift Corridor Sketch
21	1	BOOK/FULL	Feral Lancers Summary
21	1	BOOK/FULL	Fragments In The Dark
21	1	BOOK/FULL	Frontier Drift Ledger
21	1	BOOK/FULL	Ghost Inbound Traffic
21	1	BOOK/FULL	Ghost Lanes Awakening
21	1	BOOK/FULL	Ghost Lines Uncharted
21	1	BOOK/FULL	Ghost Lines of Triage
21	1	BOOK/FULL	Ghostlane Cargo Index
21	1	BOOK/FULL	Ghostlines First Echo
21	1	BOOK/FULL	Ghostlines In Transit
21	1	BOOK/FULL	Graveyard Route Index
21	1	BOOK/FULL	Gravities Of Omission
21	1	BOOK/FULL	Gravline Audit Ledger
21	1	BOOK/FULL	Isabel Krane Overview
21	1	BOOK/FULL	Kara Mendez Statement
21	1	BOOK/FULL	Lena Corbett Overview
21	1	BOOK/FULL	Orbit Of Buried Truth
21	1	BOOK/FULL	Phantom Corridor Logs
21	1	BOOK/FULL	Primeway Flight Notes
21	1	BOOK/FULL	Rhea Voss Field Notes
21	1	BOOK/FULL	Rogue Unit Crew Notes
21	1	BOOK/FULL	Second Flight Summary
21	1	BOOK/FULL	Silent Drift Manifest
21	1	BOOK/FULL	Silent Vector Anomaly
21	1	BOOK/FULL	Spin-Balance Manifest
21	1	BOOK/FULL	Stolen Corridor Chain
21	1	BOOK/FULL	Storm-Track Field Log
21	1	BOOK/FULL	Triage Route Manifest
21	1	BOOK/FULL	Whispers In The Lanes
21	1	BOOK/FULL	Windowmaker Drift Log
22	1	BOOK/FULL	Adrian Cole Crew Notes
22	1	BOOK/FULL	Arjun Calder Memoranda
22	1	BOOK/FULL	Borderline Routing Log
22	1	BOOK/FULL	Broken Vector Playbook
22	1	BOOK/FULL	Caleb Ortiz Ship Notes
22	1	BOOK/FULL	Deadline Guard Summary
22	1	BOOK/FULL	Drift Into Catastrophe
22	1	BOOK/FULL	East Division Overview
22	1	BOOK/FULL	First Wound On The Map
22	1	BOOK/FULL	Ghost Corridor Origins
22	1	BOOK/FULL	Ghost In The Manifests
22	1	BOOK/FULL	Graves Along The Lanes
22	1	BOOK/FULL	Graveyard Ledger Trail
22	1	BOOK/FULL	Graveyard Route Ledger
22	1	BOOK/FULL	Graveyard Signal Theft
22	2	BOOK/FULL	Gravshadow at the Edge
22	1	BOOK/FULL	Isaac Mercer Memoranda
22	1	BOOK/FULL	Kellan Drayton Recount
22	1	BOOK/FULL	Mutineer Platoon Notes
22	1	BOOK/FULL	Nullwake Load Schedule
22	1	BOOK/FULL	Outcast Cohort Summary
22	1	BOOK/FULL	Overwatch Vector Trace
22	1	BOOK/FULL	Periapsis Route Ledger
22	1	BOOK/FULL	Phantom Corridor Slate
22	1	BOOK/FULL	Priya Desai Crew Notes
22	1	BOOK/FULL	Quiet Manifests Ledger
22	1	BOOK/FULL	Roland Chao Recordings
22	1	BOOK/FULL	Sanctuary Yield Ledger
22	1	BOOK/FULL	Silent Harvest Signals
22	1	BOOK/FULL	Stormlines Of Omission
22	1	BOOK/FULL	Trail Of Bent Horizons
22	1	BOOK/FULL	Turnpoint Claim Ledger
22	1	BOOK/FULL	Whispers on Dead Lanes
23	1	BOOK/FULL	Convergent Route Schema
23	1	BOOK/FULL	Drift Between The Lines
23	1	BOOK/FULL	Dryline Manifolds Index
23	3	BOOK/FULL	Echoes In The Manifests
23	1	BOOK/FULL	Elias Drayton Statement
23	1	BOOK/FULL	Jared Kostin Ship Notes
23	1	BOOK/FULL	Kara Vondras Crew Notes
23	1	BOOK/FULL	Lena Kovarik Ship Notes
23	1	BOOK/FULL	Lena Moreau Field Notes
23	1	BOOK/FULL	Lucia Barrantes Recount
23	1	BOOK/FULL	Mara Veskova Recordings
23	1	BOOK/FULL	Renegade Guard Overview
23	1	BOOK/FULL	Selene Armitage Summary
23	1	BOOK/FULL	Shadow In The Framework
23	1	BOOK/FULL	Shadow On The Manifests
23	1	BOOK/FULL	Silent Routes Awakening
23	1	BOOK/FULL	Spiral Across the Stars
23	1	BOOK/FULL	Split Corridor Manifest
23	1	BOOK/FULL	Tessa Valen Field Notes
23	1	BOOK/FULL	Whispers In The Circuit
24	1	BOOK/FULL	Contracted Drift Signals
24	1	BOOK/FULL	Darius Okafor Ship Notes
24	1	BOOK/FULL	Driftlines In The Ledger
24	1	BOOK/FULL	Duststorm Freight Ledger
24	1	BOOK/FULL	Elias Ward Crew Journals
24	1	BOOK/FULL	Ghosts Between The Stars
24	1	BOOK/FULL	Ghosts Between the Lanes
24	1	BOOK/FULL	Gravepack Relay Whispers
24	1	BOOK/FULL	Graves Along The Vectors
24	1	BOOK/FULL	Graveyard Burn Itinerary
24	1	BOOK/FULL	Graveyard Signal Silence
24	1	BOOK/FULL	Horizon Staff Transcript
24	1	BOOK/FULL	Luc Schmit Duty Journals
24	1	BOOK/FULL	Marcus Kellan Crew Notes
24	1	BOOK/FULL	Marcus Rennick Memoranda
24	1	BOOK/FULL	Mina Dalcourt Recordings
24	1	BOOK/FULL	Outcast Phalanx Overview
24	1	BOOK/FULL	Storms Bought In Silence
24	1	BOOK/FULL	Test Info  Mission Slate
24	1	BOOK/FULL	Threshold Yield Patterns
24	1	BOOK/FULL	Vanished Pilgrims Ledger
24	1	BOOK/FULL	Whispers Along The Drift
24	1	BOOK/FULL	Whispers In The Grav\n\n
25	1	BOOK/FULL	Amara Patel Crew Journals
25	1	BOOK/FULL	Bent Lanes Silent Signals
25	1	BOOK/FULL	Black Drift Union Recount
25	1	BOOK/FULL	Caleb Dorne Duty Journals
25	1	BOOK/FULL	Collateral Drift Manifest
25	1	BOOK/FULL	Darius Holm Daily Entries
25	1	BOOK/FULL	Darius Holm Documentation
25	1	BOOK/FULL	Darla Mendez Duty Records
25	1	BOOK/FULL	Exiled Company Transcript
25	1	BOOK/FULL	Fractured Regiment Ledger
25	1	BOOK/FULL	Gravelight Balance Ledger
25	1	BOOK/FULL	Jax Rourden Shift Reports
25	1	BOOK/FULL	Lost Legion Crew Journals
25	1	BOOK/FULL	Micah Rourke Duty Records
25	1	BOOK/FULL	Salvage Crown Union Diary
25	1	BOOK/FULL	Second Horizon Fieldnotes
25	1	BOOK/FULL	Selene Park Duty Journals
25	1	BOOK/FULL	Underwriter Access Kernel
25	1	BOOK/FULL	Whispers At The Stormline
25	1	BOOK/FULL	Whispers Before The Storm
25	1	BOOK/FULL	Whispers In The Manifolds
26	1	BOOK/FULL	Calen Stroud Shift Reports
26	1	BOOK/FULL	Catalyst of Silent Harvest
26	1	BOOK/FULL	Central Watch Work Entries
26	1	BOOK/FULL	Cheyenne Approach Fragment
26	1	BOOK/FULL	Common Watch Mission Notes
26	1	BOOK/FULL	Dante Kellar Crew Journals
26	1	BOOK/FULL	Erika Draxler Duty Records
26	1	BOOK/FULL	Ghosts in the Supply Lines
26	1	BOOK/FULL	Nameless Trails to Nowhere
26	1	BOOK/FULL	Naomi Park Service Entries
26	1	BOOK/FULL	Rina Calvert Documentation
26	1	BOOK/FULL	Riya Kashyap Shift Reports
26	1	BOOK/FULL	Rylan Corsen Daily Entries
26	1	BOOK/FULL	Stormbroker Contract Notes
27	1	BOOK/FULL	Camila "Vector" Rojas Diary
27	1	BOOK/FULL	Corridors of Vanished Light
27	1	BOOK/FULL	Crossroads of Silent Routes
27	1	BOOK/FULL	Interference Flight Archive
27	1	BOOK/FULL	Jonah Mireles Shift Reports
27	1	BOOK/FULL	Kara Mendel Operations Logs
27	1	BOOK/FULL	Luca "Vector" Moretti Diary
27	1	BOOK/FULL	Moonside Manifest Fragments
27	1	BOOK/FULL	Standard Wing Crew Journals
27	1	BOOK/FULL	Victor Haines Crew Journals
27	1	BOOK/FULL	Zuri "Vector" Msuya Summary
28	1	BOOK/FULL	Diego "Vector" Salazar Notes
28	1	BOOK/FULL	Forsaken Regiment Crew Notes
28	1	BOOK/FULL	Jonas Mercer Operations Logs
28	1	BOOK/FULL	Outcast Detail Daily Entries
28	1	BOOK/FULL	Serena Falk Personal Records
28	1	BOOK/FULL	Silent Fireteam Duty Records
28	1	BOOK/FULL	Sundered Company Field Notes
28	1	BOOK/FULL	Victor Hanley Travel Records
28	1	BOOK/FULL	Whispers Between Jump Points
29	1	BOOK/FULL	Adrian Kessler Travel Records
29	1	BOOK/FULL	Alliance Unit Operations Logs
29	1	BOOK/FULL	Core Division Operations Logs
29	1	BOOK/FULL	Darius Kellerton Voyage Notes
29	1	BOOK/FULL	Drift Cutters Operations Logs
29	1	BOOK/FULL	Elias Trenholm Status Reports
29	1	BOOK/FULL	Jonas Herrera Operations Logs
29	1	BOOK/FULL	Malik Traynor Operations Logs
29	1	BOOK/FULL	Marcus Veldt Activity Reports
29	1	BOOK/FULL	Mutineer Division Field Notes
29	1	BOOK/FULL	Naomi Kessel Activity Reports
29	1	BOOK/FULL	Redacted Division Field Notes
29	1	BOOK/FULL	Redacted Taskforce Recordings
29	1	BOOK/FULL	Riya Banerjee Service Entries
29	1	BOOK/FULL	Silas Okoye Shipboard Records
29	1	BOOK/FULL	Whispers Beyond the Manifests
30	1	BOOK/FULL	Blacklisted Unit Documentation
30	1	BOOK/FULL	Bloodied Phalanx Documentation
30	1	BOOK/FULL	Bloodied Platoon Documentation
30	1	BOOK/FULL	Elena "Catalyst" Navarro Diary
30	1	BOOK/FULL	Hullborn Collective Crew Notes
30	1	BOOK/FULL	Junkstar Scavengers Ship Notes
30	1	BOOK/FULL	Keira Holmstead Travel Records
30	1	BOOK/FULL	Marko "Vector" Kovac Memoranda
30	1	BOOK/FULL	Mira Ashford Observation Notes
30	1	BOOK/FULL	Redacted Lancers Daily Entries
30	1	BOOK/FULL	Sable Rourke Observation Notes
30	1	BOOK/FULL	Talon Mercer Observation Notes
30	1	BOOK/FULL	Tariq "Vector" Al-Sayeed Diary
30	1	BOOK/FULL	Victor Halden Personal Records
30	1	BOOK/FULL	Wayward Taskforce Voyage Notes
31	1	BOOK/FULL	Breakaway Strike Group Overview
31	1	BOOK/FULL	Diego "Torque" Salazar Overview
31	1	BOOK/FULL	Einar "Vector" Sigurdsson Diary
31	1	BOOK/FULL	Elena Voronin Observation Notes
31	1	BOOK/FULL	Erisa "Waypoint" Gashi Overview
31	1	BOOK/FULL	Obsidian Squadron Shift Reports
31	1	BOOK/FULL	Prime Deckhands Mission Records
31	1	BOOK/FULL	Rhys "Rivet" Vaughan Crew Notes
31	1	BOOK/FULL	Sundered Commandos Work Entries
31	1	BOOK/FULL	Valeria "Vector" Quispe Summary
31	1	BOOK/FULL	Yael "Catalyst" Ben-Ami Summary
32	1	BOOK/FULL	Amina "Grid" Njoroge Field Notes
32	1	BOOK/FULL	Dead Orbit Breakers Work Entries
32	1	BOOK/FULL	Diego "Vector" Quiroga Statement
32	1	BOOK/FULL	Disavowed Guard Activity Reports
32	1	BOOK/FULL	Dishonored Detachment Ship Notes
32	1	BOOK/FULL	Fractured Phalanx Status Reports
32	1	BOOK/FULL	Maarika "Stitch" Tamm Transcript
32	1	BOOK/FULL	Mutineer Division Travel Records
32	1	BOOK/FULL	Nadia "Vector" El-Baz Crew Notes
32	1	BOOK/FULL	Rafael "Ledger" Villalba Recount
33	1	BOOK/FULL	Black Drift Syndicate Field Notes
33	1	BOOK/FULL	Camila "Vector" Moreira Memoranda
33	1	BOOK/FULL	Forsaken Shock Troop Voyage Notes
33	1	BOOK/FULL	Kiera "Starline" Castillo Recount
33	1	BOOK/FULL	Mateo "Rivet" Castillo Transcript
33	1	BOOK/FULL	Obsidian Regiment Mission Records
33	1	BOOK/FULL	Outcast Platoon Observation Notes
33	1	BOOK/FULL	Red Beacon Collective Field Notes
33	1	BOOK/FULL	Salvage Crown Syndicate Statement
33	1	BOOK/FULL	Scrapline Breakers Status Reports
33	1	BOOK/FULL	Vahagn "Rivet" Sarkisyan Overview
34	1	BOOK/FULL	Dead Orbit Collective Duty Records
34	1	BOOK/FULL	Eitan "Vector" Shalev Duty Records
34	1	BOOK/FULL	Emre "Vector" Karaca Duty Journals
34	1	BOOK/FULL	Hamad "Vector" Al-Thani Transcript
34	1	BOOK/FULL	Jamal "Ledger" Rolle Crew Journals
34	1	BOOK/FULL	Rafiq "Vector" Sarin Daily Entries
34	1	BOOK/FULL	Redacted Squadron Personal Records
35	1	BOOK/FULL	Amal "Vector" Al Mansoori Memoranda
35	1	BOOK/FULL	Breakaway Taskforce Service Entries
35	1	BOOK/FULL	Cinderfield Syndicate Mission Notes
35	1	BOOK/FULL	Eero "Vector" Salonen Shift Reports
35	1	BOOK/FULL	Eszter "Stormglass" Toth Ship Notes
35	1	BOOK/FULL	Gravestone Claim Jumpers Crew Notes
35	1	BOOK/FULL	Graveyard Salvagers Operations Logs
35	1	BOOK/FULL	Henri "Vector" Muller Crew Journals
35	1	BOOK/FULL	Luna "Vector" Paredes Documentation
35	1	BOOK/FULL	Malika "Starline" Rahmonova Recount
35	1	BOOK/FULL	Mikal "Starline" Horbatovich Ledger
35	1	BOOK/FULL	Nullspace Scavengers Travel Records
35	1	BOOK/FULL	Reese "Deadchannel" Hart Crew Notes
35	1	BOOK/FULL	Unity Specialists Shipboard Records
36	1	BOOK/FULL	Amel "Vector" Ben Aissa Duty Records
36	1	BOOK/FULL	Gareth "Torque" Llewellyn Crew Notes
36	1	BOOK/FULL	Idris "Rivet" Llewellyn Work Entries
36	1	BOOK/FULL	Irina "Rivet" Dragomir Mission Notes
36	1	BOOK/FULL	Thalia "Vector" Kouris Duty Journals
36	1	BOOK/FULL	Tiana "Gravlock" Rolle Shift Reports
37	1	BOOK/FULL	Dimitar "Catalyst" Velev Duty Records
37	1	BOOK/FULL	Dorian "Stitch" Ionescu Documentation
37	1	BOOK/FULL	Hessa "Vector" Al-Masri Documentation
37	1	BOOK/FULL	Mira "Catalyst" Vukovic Crew Journals
37	1	BOOK/FULL	Nullspace Salvagers Shipboard Records
37	1	BOOK/FULL	Tural "Vector" Aliyev Service Entries
37	1	BOOK/FULL	Vittoria "Rivet" Moretti Voyage Notes
38	1	BOOK/FULL	Aigerim "Deadlock" Saparova Transcript
38	1	BOOK/FULL	Derelict Claim Jumpers Service Entries
38	1	BOOK/FULL	Diego "Vector" Arancibia Daily Entries
38	1	BOOK/FULL	Eliska "Vector" Novak Activity Reports
38	1	BOOK/FULL	Fraser "Graft" MacLeod Service Entries
38	1	BOOK/FULL	Leyla "Vector" Rahimi Activity Reports
38	1	BOOK/FULL	Musa "Gravline" Nsubuga Travel Records
38	1	BOOK/FULL	Nadzeya "Signal" Rhee Activity Reports
38	1	BOOK/FULL	Rafael "Vector" Almeida Status Reports
38	1	BOOK/FULL	Rashid "Torque" Al-Haddad Voyage Notes
39	1	BOOK/FULL	Arben "Deadlock" Kelmendi Crew Journals
39	1	BOOK/FULL	Black Drift Recovery Team Mission Notes
39	1	BOOK/FULL	Camila "Synapse" Mendieta Documentation
39	1	BOOK/FULL	Dead Orbit Claim Jumpers Status Reports
39	1	BOOK/FULL	Fahd "Vector" al-Sayeed Operations Logs
39	1	BOOK/FULL	Mikkel "Deadset" Vestergaard Crew Notes
39	1	BOOK/FULL	Rafael "Dustback" Rivas Operations Logs
41	1	BOOK/FULL	Aisha "Vector" Al Mansoor Service Entries
41	1	BOOK/FULL	Amal "Ghostline" Bashir Shipboard Records
41	1	BOOK/FULL	Layla "Vector" Al Mansoor Service Entries
41	1	BOOK/FULL	Marleni "Quietline" Palacio Shift Reports
41	1	BOOK/FULL	Mavluda "Stormline" Rahimova Voyage Notes
41	1	BOOK/FULL	Nasiba "Ledger" Rahmonova Service Entries
41	1	BOOK/FULL	Omar "Gravevector" Nassar Mission Records
42	1	BOOK/FULL	Faris "Stitch" Al-Khatib Observation Notes
42	1	BOOK/FULL	Leila "Catalyst" Martinez Activity Reports
42	1	BOOK/FULL	Marisol "Vector" Aguilar Shipboard Records
42	1	BOOK/FULL	Mugisha "Vector" Nkurunziza Status Reports
43	1	BOOK/FULL	Aizada "Vector" Sultangazieva Documentation
44	1	BOOK/FULL	Karim "Deadweight" al-Najjar Operations Logs
48	1	BOOK/FULL	Evariste "Deadbolt" Ndayiragije Activity Reports
