#batch	rows	chars	first_line	last_line
1	17	10603	1013	989
2	12	10355	1104	1436
3	11	10080	1411	1534
4	11	10559	1166	1031
5	11	10972	1029	1508
6	10	10454	1023	1278
7	10	10809	1543	1334
8	10	11067	1224	1650
9	9	10217	1126	1342
10	9	10451	981	1090
11	9	10726	1256	1258
12	9	11015	1168	1077
13	8	10036	1379	1003
14	8	10356	1082	1365
15	8	10653	1284	1573
16	8	10912	1612	1638
17	8	11184	1801	1417
18	7	10012	1403	1776
19	7	10166	1158	1728
20	7	10348	1182	1324
21	7	10541	1481	1747
22	7	10842	1807	1053
23	7	11173	1686	1663
24	6	10238	1037	1704
25	6	11784	1820	1690
26	5	10757	1566	1473
27	5	11108	1045	1202
28	5	11467	1455	1389
29	5	11826	1415	1448
30	5	12107	1759	1708
31	5	12419	1606	1164
32	4	10042	1440	1745
33	4	10164	1086	1795
34	4	10411	1673	1316
35	4	10641	1737	1152
36	4	10842	1142	1383
37	4	11101	1666	1250
38	4	11362	1591	1625
39	4	11658	1288	1541
40	4	11987	1060	1424
41	4	12273	1130	1017
42	4	12497	1100	1132
43	4	12669	1027	1486
44	4	12915	1669	1463
45	4	13092	1467	1172
46	4	13229	1322	1244
47	3	10126	1469	1069
48	3	10239	1816	1243
49	3	10315	1579	1170
50	3	10524	1237	1788
51	3	10866	1682	1340
52	3	11191	1217	1753
53	3	11442	1186	1065
54	3	11605	1587	1492
55	3	11755	1778	1724
56	3	11956	1292	1767
57	3	12214	1355	1399
58	3	12382	1518	1571
59	3	12568	1585	1208
60	3	12737	1387	1136
61	3	13073	1461	1501
62	3	13274	995	1150
63	3	13397	1794	1308
64	3	13544	1526	1262
65	3	13765	1716	1079
66	3	13934	1597	1021
67	3	14205	1055	1688
68	3	14469	1614	1043
69	3	14713	1757	1595
70	2	10220	1348	1560
71	2	10275	1419	1642
72	2	10328	1736	1140
73	2	10498	1446	1531
74	2	10637	1059	1033
75	2	10912	1376	1115
76	2	11010	1540	1144
77	2	11236	1073	1112
78	2	12225	1408	1575
79	2	13497	1298	1438
80	2	14340	1712	1782
