5	1	GBFM/FULL	PX-15
7	1	GBFM/FULL	BL-6924
7	1	GBFM/FULL	CM-1304
7	1	GBFM/FULL	FX-1555
7	1	GBFM/FULL	HM-6310
7	1	GBFM/FULL	HM-7378
7	1	GBFM/FULL	JN-7547
7	1	GBFM/FULL	KN-4320
7	1	GBFM/FULL	KN-7893
7	1	GBFM/FULL	KN-9575
7	1	GBFM/FULL	LX-2547
7	1	GBFM/FULL	LX-3802
7	1	GBFM/FULL	LX-6790
7	1	GBFM/FULL	OM-2098
7	1	GBFM/FULL	PX-2395
7	1	GBFM/FULL	PX-3446
7	1	GBFM/FULL	PX-7708
7	1	GBFM/FULL	PX-9199
7	1	GBFM/FULL	VG-5970
7	1	GBFM/FULL	WK-2921
7	1	GBFM/FULL	WK-9192
7	1	GBFM/FULL	YP-4360
7	1	GBFM/FULL	ZT-7430
7	1	GBFM/FULL	ZT-8387
14	1	GBFM/FULL	DS-5619 Gunmaw
15	1	GBFM/FULL	VR-66 Crossline
15	1	GBFM/FULL	Voyager AX-1329
16	1	GBFM/FULL	AR-1006 Warshade
16	1	GBFM/FULL	AR-6086 Gunspire
16	1	GBFM/FULL	BL-2864 Boneclaw
16	1	GBFM/FULL	CF-8519 Killstar
16	1	GBFM/FULL	CR-9501 Voidfang
16	1	GBFM/FULL	FM-5766 Riftclaw
16	1	GBFM/FULL	HX-7762 Edgefire
16	1	GBFM/FULL	Ironkeel TR-5394
16	1	GBFM/FULL	KT-8412 Warshade
16	1	GBFM/FULL	LF-2357 Highnoon
16	1	GBFM/FULL	Northstar CT-278
16	1	GBFM/FULL	VK-5408 Boneclaw
16	1	GBFM/FULL	Widebeam AX-1562
17	1	GBFM/FULL	AR-4733 Razorwind
17	1	GBFM/FULL	AR-875 Ironstrike
17	1	GBFM/FULL	BL-8463 Ghostline
17	1	GBFM/FULL	BR-1331 Riftblade
17	1	GBFM/FULL	CR-3479 Bloodwake
17	1	GBFM/FULL	Deepwater LT-7924
17	1	GBFM/FULL	Deepwater TR-9346
17	1	GBFM/FULL	FR-4274 Dustlance
17	1	GBFM/FULL	GB-3498 Stockwind
17	1	GBFM/FULL	GC-5222 Stockwind
17	1	GBFM/FULL	Longshore AX-7571
17	1	GBFM/FULL	RD-3161 Trashfang
17	1	GBFM/FULL	RS-8275 Riftblade
17	1	GBFM/FULL	SL-6956 Dustshank
17	1	GBFM/FULL	SP-6272 Scrapfang
17	1	GBFM/FULL	ST-6273 Starblade
17	1	GBFM/FULL	Seamender AX-6874
17	1	GBFM/FULL	Starborne TA-3154
17	1	GBFM/FULL	Starwharf AX-3779
17	1	GBFM/FULL	Tradewind LT-8645
17	1	GBFM/FULL	VR-3488 Crossline
17	1	GBFM/FULL	Windcrier TA-6451
18	1	GBFM/FULL	BL-3925 Nightblade
18	1	GBFM/FULL	BL-9366 Dreadskull
18	1	GBFM/FULL	BR-3074 Scrapviper
18	1	GBFM/FULL	BR-5033 Crackspine
18	1	GBFM/FULL	BR-8628 Shatterjaw
18	1	GBFM/FULL	CR-9292 Fundrunner
18	1	GBFM/FULL	DS-1671 Scarrunner
18	1	GBFM/FULL	GA-2267 Securehaul
18	1	GBFM/FULL	GC-8466 Depositron
18	1	GBFM/FULL	GL-7623 Assetguard
18	1	GBFM/FULL	GX-8809 Scraprider
18	1	GBFM/FULL	HX-5912 Ironstrike
18	1	GBFM/FULL	HX-8518 Ghostforge
18	1	GBFM/FULL	KT-4029 Stormlance
18	1	GBFM/FULL	OD-9486 Shadowwing
18	1	GBFM/FULL	RD-1964 Scrapviper
18	1	GBFM/FULL	Silverwake AX-1824
18	1	GBFM/FULL	Skyclipper TA-1174
18	1	GBFM/FULL	Tidewalker TA-7207
18	1	GBFM/FULL	VR-6919 Ghostforge
19	1	GBFM/FULL	AR-8328 Specterborn
19	1	GBFM/FULL	BL-3147 Nightraider
19	1	GBFM/FULL	BX-1113 Creditforge
19	1	GBFM/FULL	CB-6735 Trustsphere
19	1	GBFM/FULL	DS-5971 Crimsonfang
19	1	GBFM/FULL	FC-9470 Prairiefire
19	1	GBFM/FULL	GL-1355 Capitalwing
19	1	GBFM/FULL	SP-8530 Rivetstrike
20	1	GBFM/FULL	CR-1604 Shadowreaver
