32	1	MESG/ITXT	I will scour the old relay data.
37	1	MESG/ITXT	I will check that old listening post.
37	1	MESG/ITXT	I will check the old UC relay bunker.
38	1	MESG/ITXT	I will follow the crooked Neon routes.
39	1	MESG/ITXT	I will dig into Ryujin's hidden routes.
40	1	MESG/ITXT	I will dig into her trail in the queues.
40	1	MESG/ITXT	I'll check that quiet traffic lane cache
41	1	MESG/ITXT	I will dig through that old relay bunker.
42	1	MESG/ITXT	I will dig into Ryujin's tower data trail.
42	1	MESG/ITXT	I will dig into that moonside cargo relay.
42	1	MESG/ITXT	I will dig into the cavern smuggler trail.
42	1	MESG/ITXT	I will dig through the old UC flight scans
42	1	MESG/ITXT	I will hit the old UC listening post next.
42	1	MESG/ITXT	I'll dig into those underbelly mech refits
43	1	MESG/ITXT	I will check that far-orbit listening post.
43	1	MESG/ITXT	I'll dig through that old science wing logs
44	1	MESG/ITXT	I will dig into the rumors down in The Well.
44	1	MESG/ITXT	I will dig through that old UC relay bunker.
44	1	MESG/ITXT	I will dig through the old barracks records.
44	1	MESG/ITXT	I will trace those forgotten farm ring mods.
45	1	MESG/ITXT	I will check the relay and its cargo records.
45	1	MESG/ITXT	I will dig through the tower's sealed records
45	1	MESG/ITXT	I'll check that relay and its off-lane signal
45	1	MESG/ITXT	I'll dig through New Atlantis freight records
46	1	MESG/ITXT	I will dig into that buried UC listening post.
46	1	MESG/ITXT	I will dig through Neon's underbelly manifests
46	1	MESG/ITXT	I will dig through Neon's underbelly whispers.
46	1	MESG/ITXT	I will hit the pirate relay shack for answers.
46	1	MESG/ITXT	I will shadow that Crimson hauler and see why.
46	1	MESG/ITXT	I will sift that asteroid field for the crate.
47	1	MESG/ITXT	I will dig through the Clinic's hidden records.
47	1	MESG/ITXT	I will follow the altered lanes in quiet orbit.
47	1	MESG/ITXT	I will follow the trail into Neon's underbelly.
47	1	MESG/ITXT	I will track that beacon in the asteroid field.
47	1	MESG/ITXT	I'll trace that stray beacon's signal in orbit.
48	1	MESG/ITXT	I will check the Freestar field command trailer.
48	1	MESG/ITXT	I will dig through Neon's Underbelly power logs.
48	1	MESG/ITXT	I will dig through the Deimos scrapyard records.
49	1	MESG/ITXT	I will analyze that hidden orbital listening post
49	1	MESG/ITXT	I will check that high-orbit rig and its traffic.
49	1	MESG/ITXT	I will check the asteroid field for his patterns.
49	1	MESG/ITXT	I will check the old relay bunker telemetry logs.
49	1	MESG/ITXT	I will dig into the anomalies at Gagarin Landing.
49	1	MESG/ITXT	I will dig through Neon's Underbelly for answers.
50	1	MESG/ITXT	I will analyze the old deep space recon grid logs.
50	1	MESG/ITXT	I will check out that moonside cargo relay module.
50	1	MESG/ITXT	I will dig through Neons ledgers and rumor routes.
50	1	MESG/ITXT	I will dig through that research module's records.
50	1	MESG/ITXT	I will dig through that salvage pit for her trail.
50	1	MESG/ITXT	I will dig through the logs and stories down here.
50	1	MESG/ITXT	I will dig through the spaceport traffic patterns.
50	1	MESG/ITXT	I will trace her routes through Neon's underbelly.
50	1	MESG/ITXT	I will track down that drifting route-hopper ship.
50	1	MESG/ITXT	I'll dig through Neon's lower decks for her trail.
50	1	MESG/ITXT	I'll sweep that derelict plant for her stolen data
51	1	MESG/ITXT	I will check the recon grid and those silent buoys.
51	1	MESG/ITXT	I will dig deeper into that abandoned robotics lab.
51	1	MESG/ITXT	I will dig through Neon's vent and climate records.
51	1	MESG/ITXT	I will dig through that deserted UC listening post.
51	1	MESG/ITXT	I will survey that wreck and trace its flight path.
51	1	MESG/ITXT	I will track the pattern through Neon's underbelly.
51	1	MESG/ITXT	I'll check that sensor hub and its off-lane pattern
52	1	MESG/ITXT	I will audit the fuel depot's records and schedules.
52	1	MESG/ITXT	I will check out the abandoned depot and its crates.
52	1	MESG/ITXT	I will check that beacon in orbit for hidden routes.
52	1	MESG/ITXT	I will dig into New Atlantis and its buried numbers.
52	1	MESG/ITXT	I will dig into the Underbelly rumors and schedules.
52	1	MESG/ITXT	I will dig through Neon's underbelly for her routes.
52	1	MESG/ITXT	I will dig through the under-levels of New Atlantis.
52	1	MESG/ITXT	I will hit that old orbital node and pull telemetry.
52	1	MESG/ITXT	I will pull his jump pattern from that orbital node.
52	1	MESG/ITXT	I will trace that forgotten orbit and its telemetry.
53	1	MESG/ITXT	I will check that far-orbit array and its recordings.
53	1	MESG/ITXT	I will check the recon bunker and its old recordings.
53	1	MESG/ITXT	I will dig through Cydonia's quiet backroom archives.
53	1	MESG/ITXT	I will dig through Gagarin Landing's traffic records.
53	1	MESG/ITXT	I will dig through Gagarin's forgotten server stacks.
53	1	MESG/ITXT	I will dig through Ryujin's Neon ledgers for answers.
53	1	MESG/ITXT	I will dig through The Clinic's records and whispers.
53	1	MESG/ITXT	I will dig through those forgotten consoles and logs.
53	1	MESG/ITXT	I will trace his forgotten splice in Gagarin Landing.
53	1	MESG/ITXT	I will trace that forgotten signal in the rock field.
53	1	MESG/ITXT	I will work the Neon Underbelly for forbidden routes.
53	1	MESG/ITXT	I'll dig through Neon's underbelly for Rivet's trail.
54	1	MESG/ITXT	I will board that drifting cache and pull its records.
54	1	MESG/ITXT	I will dig into whatever Grid Warbrand is hiding here.
54	1	MESG/ITXT	I will dig through HopeTown's shipyards and manifests.
54	1	MESG/ITXT	I will dig through Neon s underbelly for that pattern.
54	1	MESG/ITXT	I will hit the Deimos scrapyard and pry out the truth.
54	1	MESG/ITXT	I will track down that hidden orbital navigation data.
54	1	MESG/ITXT	I will track that hidden beacon in the asteroid field.
55	1	MESG/ITXT	I will audit the moonside relay's manifests and broker.
55	1	MESG/ITXT	I will check out that derelict Gunspire in empty orbit.
55	1	MESG/ITXT	I will check that forgotten base and its hidden routes.
55	1	MESG/ITXT	I will check the Neon rooftops and those side channels.
55	1	MESG/ITXT	I will crack that deserted relay and its altered lanes.
55	1	MESG/ITXT	I will dig through Ebbside freight and find her buyers.
55	1	MESG/ITXT	I will dig through HopeTown's departures and manifests.
55	1	MESG/ITXT	I will dig through Ryujin's records and security loops.
55	1	MESG/ITXT	I will dig through the Clinic's buried anomaly records.
55	1	MESG/ITXT	I will dig through the tugyard mess at Gagarin Landing.
55	1	MESG/ITXT	I will investigate that far-orbit relay and its hauler.
55	1	MESG/ITXT	I will trace her signal through Neon's underbelly grid.
55	1	MESG/ITXT	I will trace that orbital signal and its hidden relays.
55	1	MESG/ITXT	I will trace those rooftop guidance patterns over Neon.
55	1	MESG/ITXT	I will trace those twin storm-cut corridors planetside.
55	1	MESG/ITXT	I'll check out that relay and its buried traffic edits.
56	1	MESG/ITXT	I will dig into this research tower's buried experiments
56	1	MESG/ITXT	I will dig through Gagarin's alleys and forgotten drums.
56	1	MESG/ITXT	I will dig through the station's buried medical records.
56	1	MESG/ITXT	I'll trace that beacon's signal and see where it points.
57	1	MESG/ITXT	I will check that orbital relay and its hidden telemetry.
57	1	MESG/ITXT	I will dig through Gagarin Landing's bays and back rooms.
57	1	MESG/ITXT	I will investigate that moonside relay and its manifests.
57	1	MESG/ITXT	I will trace Vector's power trail through Gagarin Landing
57	1	MESG/ITXT	I will trace that orbital pattern and see where it leads.
57	1	MESG/ITXT	I'll check that drifting beacon and its old traffic logs.
58	1	MESG/ITXT	I will check the deserted listening post traffic and logs.
58	1	MESG/ITXT	I will check the signals hidden beneath Neon's underbelly.
58	1	MESG/ITXT	I will dig through Neon's lowest decks for buried records.
58	1	MESG/ITXT	I will inspect that forgotten buoy and its buried figures.
58	1	MESG/ITXT	I'll comb the farm's records and see what drifts together.
58	1	MESG/ITXT	I'll track that drifting beacon and trace where it points.
59	1	MESG/ITXT	I will chase his discarded routes through that salvage pit.
59	1	MESG/ITXT	I will check the orbital arrays and buried navigation data.
59	1	MESG/ITXT	I will examine that collapsed command post's failed ambush.
59	1	MESG/ITXT	I'll trace those contraband jump corrections back to source
59	1	MESG/ITXT	I'll triangulate that drifting node and see where it leads.
60	1	MESG/ITXT	I will trace his corrections through that high-orbit beacon.
61	1	MESG/ITXT	I will dig through this forgotten research module's mistakes.
61	1	MESG/ITXT	I will trace his masked shuttle path through orbital records.
61	1	MESG/ITXT	I'll dig through Ryujin's tower records and see who surfaces.
62	1	MESG/ITXT	I'll dig through that tower's records and trace the anomalies.
63	1	MESG/ITXT	I will dig through Neon's underbelly and its forgotten systems.
63	1	MESG/ITXT	I will investigate the hidden sensor web in that asteroid belt.
63	1	MESG/ITXT	I'll check that off-lane survey buoy and trace the distortions.
64	1	MESG/ITXT	I will check that forgotten pirate relay and its stored traffic.
64	1	MESG/ITXT	I will dig through that abandoned research module's buried logs.
65	1	MESG/ITXT	I will investigate that Crimson Fleet-guarded junk ring in orbit.
65	1	MESG/ITXT	I will investigate that unstable orbit and its hidden crossroads.
66	1	MESG/ITXT	I will investigate that derelict harvesting platform in the field.
66	1	MESG/ITXT	I will investigate the guarded orbital cache and Starblade escort.
