8	1	NPC_/FULL	Erin Cho
8	1	NPC_/FULL	Lena Cho
9	1	NPC_/FULL	Amira Cho
9	1	NPC_/FULL	Lena Kade
9	1	NPC_/FULL	Lena Park
9	1	NPC_/FULL	Lila Park
9	1	NPC_/FULL	Mara Voss
9	1	NPC_/FULL	Mina Kwan
9	2	NPC_/FULL	Mira Chen
9	1	NPC_/FULL	Mira Kwan
9	1	NPC_/FULL	Noah Rhee
9	1	NPC_/FULL	Nora Vesk
9	1	NPC_/FULL	Renna Vos
9	1	NPC_/FULL	Rhea Park
9	1	NPC_/FULL	Rhea Voss
9	1	NPC_/FULL	Rian Kell
10	1	NPC_/FULL	Amara Chen
10	1	NPC_/FULL	Amelia Cho
10	1	NPC_/FULL	Amira Chen
10	1	NPC_/FULL	Amira Holt
10	6	NPC_/FULL	Caleb Rios
10	1	NPC_/FULL	Cole Vance
10	1	NPC_/FULL	Damon Rusk
10	1	NPC_/FULL	Dane Corvo
10	1	NPC_/FULL	Danika Hsu
10	1	NPC_/FULL	Darin Cole
10	1	NPC_/FULL	Darin Voss
10	14	NPC_/FULL	Dude Bebop
10	1	NPC_/FULL	Elena Kade
10	3	NPC_/FULL	Elena Park
10	3	NPC_/FULL	Elena Ward
10	1	NPC_/FULL	Elias Kwan
10	2	NPC_/FULL	Elias Ward
10	1	NPC_/FULL	Ethan Kwan
10	20	NPC_/FULL	Fraz Bebop
10	1	NPC_/FULL	Ivy Calder
10	1	NPC_/FULL	Jared Holt
10	1	NPC_/FULL	Jaxon Hale
10	1	NPC_/FULL	Jaxon Mire
10	1	NPC_/FULL	Jonah Kade
10	1	NPC_/FULL	Jonah Kaur
10	1	NPC_/FULL	Jonah Park
10	1	NPC_/FULL	Jonah Sato
10	2	NPC_/FULL	Jonas Kade
10	1	NPC_/FULL	Kara Duval
10	1	NPC_/FULL	Kara Vance
10	1	NPC_/FULL	Kara Veldt
10	1	NPC_/FULL	Kara Velez
10	1	NPC_/FULL	Kira Vance
10	1	NPC_/FULL	Leah Ortiz
10	1	NPC_/FULL	Luc Schmit
10	1	NPC_/FULL	Marco Sato
10	1	NPC_/FULL	Marta Rios
10	1	NPC_/FULL	Mason Kade
10	1	NPC_/FULL	Mira Havel
10	1	NPC_/FULL	Naomi Kwan
10	1	NPC_/FULL	Naomi Park
10	1	NPC_/FULL	Nia Calder
10	1	NPC_/FULL	Renee Park
10	1	NPC_/FULL	Rico Vance
10	1	NPC_/FULL	Rik Halden
10	1	NPC_/FULL	Riley Sato
10	3	NPC_/FULL	Riley Voss
10	1	NPC_/FULL	Rin Calder
10	1	NPC_/FULL	Ronan Kade
10	2	NPC_/FULL	Ronan Vale
10	1	NPC_/FULL	Rosa Velez
10	1	NPC_/FULL	Rowan Kade
10	1	NPC_/FULL	Talia Rhee
10	1	NPC_/FULL	Tanya Kwan
10	1	NPC_/FULL	Tara Imani
11	1	NPC_/FULL	Adrian Cole
11	1	NPC_/FULL	Alexis Rowe
11	2	NPC_/FULL	Amara Patel
11	1	NPC_/FULL	Aria Kestal
11	1	NPC_/FULL	Caleb Dorne
11	1	NPC_/FULL	Caleb Ortiz
11	1	NPC_/FULL	Calen Harth
11	1	NPC_/FULL	Calen Ortiz
11	1	NPC_/FULL	Cole Thatch
11	1	NPC_/FULL	Cole Varron
11	1	NPC_/FULL	Damon Rivas
11	1	NPC_/FULL	Dana Rourke
11	1	NPC_/FULL	Dane Kovacs
11	1	NPC_/FULL	Darian Holt
11	1	NPC_/FULL	Darion Cole
11	1	NPC_/FULL	Darius Chen
11	2	NPC_/FULL	Darius Cole
11	3	NPC_/FULL	Darius Holm
11	6	NPC_/FULL	Darius Holt
11	1	NPC_/FULL	Darius Kwan
11	1	NPC_/FULL	Darius Kwon
11	1	NPC_/FULL	Darius Pike
11	1	NPC_/FULL	Darren Kade
11	1	NPC_/FULL	Darren Kole
11	1	NPC_/FULL	Darren Kove
11	1	NPC_/FULL	Devin Rooke
11	2	NPC_/FULL	Elena Trask
11	1	NPC_/FULL	Elias Trent
11	2	NPC_/FULL	Erin Kovacs
11	1	NPC_/FULL	Ezra Valdez
11	1	NPC_/FULL	Ingrid Voss
11	1	NPC_/FULL	Isla Mendez
11	2	NPC_/FULL	Jace Morado
11	1	NPC_/FULL	Jared Koval
11	1	NPC_/FULL	Jax Rourden
11	1	NPC_/FULL	Jenna Sarin
11	1	NPC_/FULL	Jonah Patel
11	1	NPC_/FULL	Jonah Reyes
11	2	NPC_/FULL	Jonas Creed
11	1	NPC_/FULL	Jonas Creek
11	1	NPC_/FULL	Jonas Havel
11	6	NPC_/FULL	Kade Mercer
11	1	NPC_/FULL	Kara Elwood
11	2	NPC_/FULL	Kara Mendel
11	1	NPC_/FULL	Kara Mendez
11	1	NPC_/FULL	Karina Holt
11	1	NPC_/FULL	Kyra Mendez
11	1	NPC_/FULL	Lane Ortega
11	1	NPC_/FULL	Leah Okafor
11	1	NPC_/FULL	Lena Carver
11	1	NPC_/FULL	Lena Moreau
11	1	NPC_/FULL	Malik Arden
11	2	NPC_/FULL	Mara Ibarra
11	2	NPC_/FULL	Mara Kessel
11	3	NPC_/FULL	Marcus Hale
11	1	NPC_/FULL	Marina Holt
11	2	NPC_/FULL	Marisa Kwan
11	1	NPC_/FULL	Marla Ivers
11	1	NPC_/FULL	Mira Calder
11	1	NPC_/FULL	Mira Galvez
11	1	NPC_/FULL	Mira Halden
11	1	NPC_/FULL	Mira Hollis
11	3	NPC_/FULL	Mira Kovacs
11	2	NPC_/FULL	Mira Solano
11	1	NPC_/FULL	Naomi Patel
11	2	NPC_/FULL	Naomi Vance
11	2	NPC_/FULL	Naomi Varga
11	1	NPC_/FULL	Noah Calder
11	1	NPC_/FULL	Noah Carrow
11	1	NPC_/FULL	Noah Varela
11	1	NPC_/FULL	Priya Desai
11	2	NPC_/FULL	Rafi Calder
11	1	NPC_/FULL	Raul Petrov
11	1	NPC_/FULL	Raya Mercer
11	2	NPC_/FULL	Rena Calder
11	1	NPC_/FULL	Renee Kader
11	3	NPC_/FULL	Rhea Calder
11	1	NPC_/FULL	Rhea Callow
11	1	NPC_/FULL	Rhea Khatri
11	1	NPC_/FULL	Rhea Vargan
11	1	NPC_/FULL	Rian Kovacs
11	1	NPC_/FULL	Rian Merrow
11	1	NPC_/FULL	Rico Valdez
11	1	NPC_/FULL	Rico Vargan
11	1	NPC_/FULL	Riley Vance
11	1	NPC_/FULL	Rion Maddox
11	3	NPC_/FULL	Riya Calder
11	1	NPC_/FULL	Roland Chao
11	1	NPC_/FULL	Ronan Havel
11	1	NPC_/FULL	Ronan Keats
11	1	NPC_/FULL	Ronan Slade
11	1	NPC_/FULL	Rowan Creed
11	1	NPC_/FULL	Roxana Vale
11	1	NPC_/FULL	Rylan Vance
11	1	NPC_/FULL	Sara Kovacs
11	1	NPC_/FULL	Sara Mendel
11	2	NPC_/FULL	Selene Park
11	1	NPC_/FULL	Sera Halden
11	1	NPC_/FULL	Sera Mallin
11	1	NPC_/FULL	Serena Falk
11	1	NPC_/FULL	Serena Holt
11	1	NPC_/FULL	Sienna Park
11	1	NPC_/FULL	Silas Okoye
11	1	NPC_/FULL	Sofia Trent
11	1	NPC_/FULL	Tara Mendez
11	1	NPC_/FULL	Tessa Valen
11	1	NPC_/FULL	Tomas Graye
11	1	NPC_/FULL	Tomas Havel
12	1	NPC_/FULL	Alina Mercer
12	1	NPC_/FULL	Arjun Calder
12	1	NPC_/FULL	Asha Moretti
12	2	NPC_/FULL	Caleb Harker
12	1	NPC_/FULL	Caleb Mercer
12	1	NPC_/FULL	Caleb Morano
12	1	NPC_/FULL	Caleb Okafor
12	8	NPC_/FULL	Caleb Rourke
12	2	NPC_/FULL	Caleb Stroud
12	1	NPC_/FULL	Calen Dravos
12	2	NPC_/FULL	Calen Rourke
12	2	NPC_/FULL	Calen Stroud
12	1	NPC_/FULL	Damian Kovac
12	1	NPC_/FULL	Damon Harker
12	1	NPC_/FULL	Damon Kellan
12	1	NPC_/FULL	Dana Corbett
12	2	NPC_/FULL	Dana Kessler
12	1	NPC_/FULL	Dana Kostova
12	1	NPC_/FULL	Dane Corbett
12	1	NPC_/FULL	Dante Kellar
12	1	NPC_/FULL	Dante Korran
12	1	NPC_/FULL	Darin Kovacs
12	1	NPC_/FULL	Darius Foyle
12	1	NPC_/FULL	Darius Kovac
12	2	NPC_/FULL	Darius Patel
12	1	NPC_/FULL	Darla Mendez
12	1	NPC_/FULL	Darren Kopec
12	1	NPC_/FULL	Darren Kovac
12	1	NPC_/FULL	Davin Kordel
12	1	NPC_/FULL	Delia Moreau
12	1	NPC_/FULL	Elena Barros
12	2	NPC_/FULL	Elena Carrow
12	2	NPC_/FULL	Elena Varick
12	1	NPC_/FULL	Elena Vassik
12	1	NPC_/FULL	Elena Vorsky
12	1	NPC_/FULL	Elias Brandt
12	1	NPC_/FULL	Elias Corren
12	1	NPC_/FULL	Elias Draven
12	1	NPC_/FULL	Elias Korrin
12	1	NPC_/FULL	Elias Marrow
12	1	NPC_/FULL	Elias Mercer
12	1	NPC_/FULL	Elias Monroe
12	2	NPC_/FULL	Elias Rourke
12	2	NPC_/FULL	Elias Trager
12	1	NPC_/FULL	Ethan Marrow
12	1	NPC_/FULL	Gavin Mercer
12	1	NPC_/FULL	Isaac Mercer
12	1	NPC_/FULL	Isabel Krane
12	1	NPC_/FULL	Jace Morales
12	1	NPC_/FULL	Jace Morello
12	2	NPC_/FULL	Jace Morrell
12	1	NPC_/FULL	Jared Halden
12	1	NPC_/FULL	Jared Hoxley
12	1	NPC_/FULL	Jared Kostin
12	1	NPC_/FULL	Jared Morrow
12	1	NPC_/FULL	Jonah Mercer
12	1	NPC_/FULL	Jonah Meritt
12	1	NPC_/FULL	Jonas Khatri
12	13	NPC_/FULL	Jonas Mercer
12	2	NPC_/FULL	Jonas Merrow
12	1	NPC_/FULL	Jonas Recker
12	1	NPC_/FULL	Jonas Straka
12	1	NPC_/FULL	Kade Ellison
12	1	NPC_/FULL	Kade Morillo
12	1	NPC_/FULL	Kade Morrell
12	1	NPC_/FULL	Kara Ellison
12	1	NPC_/FULL	Kara Mendoza
12	1	NPC_/FULL	Kara Mireles
12	1	NPC_/FULL	Kara Mitsuda
12	1	NPC_/FULL	Kara Shimada
12	1	NPC_/FULL	Kara Vescovi
12	1	NPC_/FULL	Kara Vondras
12	1	NPC_/FULL	Kayla Rourke
12	1	NPC_/FULL	Keira Maddox
12	1	NPC_/FULL	Keira Morrow
12	1	NPC_/FULL	Kellan Ortiz
12	1	NPC_/FULL	Kira Haldane
12	1	NPC_/FULL	Kira Vondral
12	1	NPC_/FULL	Leah Morante
12	1	NPC_/FULL	Leah Orantes
12	8	NPC_/FULL	Lena Corbett
12	2	NPC_/FULL	Lena Kovarik
12	1	NPC_/FULL	Lena Moretti
12	1	NPC_/FULL	Lena Morrell
12	1	NPC_/FULL	Lena Vorchak
12	5	NPC_/FULL	Mara Ellison
12	1	NPC_/FULL	Mara Kessler
12	7	NPC_/FULL	Mara Kincaid
12	1	NPC_/FULL	Mara Veskova
12	6	NPC_/FULL	Marcus Havel
12	1	NPC_/FULL	Marcus Veldt
12	1	NPC_/FULL	Marcus Velez
12	1	NPC_/FULL	Marek Dulane
12	1	NPC_/FULL	Maris Calder
12	1	NPC_/FULL	Maris Duvall
12	1	NPC_/FULL	Maris Elwood
12	1	NPC_/FULL	Maris Teller
12	1	NPC_/FULL	Micah Rourke
12	1	NPC_/FULL	Mila Corbett
12	1	NPC_/FULL	Miles Harrow
12	1	NPC_/FULL	Mira Ashford
12	1	NPC_/FULL	Mira Halvern
12	2	NPC_/FULL	Mira Salcedo
12	1	NPC_/FULL	Mira Salgado
12	1	NPC_/FULL	Nadia Cortez
12	1	NPC_/FULL	Nadia Harrow
12	1	NPC_/FULL	Nadia Rourke
12	1	NPC_/FULL	Naledi Brant
12	1	NPC_/FULL	Naomi Calder
12	1	NPC_/FULL	Naomi Carver
12	1	NPC_/FULL	Naomi Kessel
12	1	NPC_/FULL	Naomi Khatri
12	1	NPC_/FULL	Naomi Vargis
12	1	NPC_/FULL	Nina Corbett
12	1	NPC_/FULL	Noah Bracken
12	1	NPC_/FULL	Oren Stavros
12	1	NPC_/FULL	Owen Raddick
12	1	NPC_/FULL	Owen Rasheed
12	1	NPC_/FULL	Rafael Ivers
12	1	NPC_/FULL	Rena Vasquez
12	2	NPC_/FULL	Renee Calder
12	1	NPC_/FULL	Renee Solano
12	1	NPC_/FULL	Rhea Collins
12	1	NPC_/FULL	Rhea Donovan
12	1	NPC_/FULL	Rhea Kostova
12	1	NPC_/FULL	Rhea Kozlova
12	1	NPC_/FULL	Rhea Navarro
12	1	NPC_/FULL	Rhea Santoro
12	1	NPC_/FULL	Rhea Solanki
12	1	NPC_/FULL	Ria Calderon
12	1	NPC_/FULL	Rico Dalhart
12	1	NPC_/FULL	Rico Vardell
12	1	NPC_/FULL	Rina Calvert
12	1	NPC_/FULL	Rina Kovarik
12	1	NPC_/FULL	Riya Castell
12	1	NPC_/FULL	Riya Kashyap
12	1	NPC_/FULL	Riya Salazar
12	1	NPC_/FULL	Rowan Detmer
12	1	NPC_/FULL	Rowan Harker
12	1	NPC_/FULL	Rylan Corsen
12	2	NPC_/FULL	Rylan Mercer
12	1	NPC_/FULL	Rylan Merrow
12	1	NPC_/FULL	Sable Cortez
12	1	NPC_/FULL	Sable Rourke
12	1	NPC_/FULL	Sara Kadecna
12	1	NPC_/FULL	Serena Locke
12	1	NPC_/FULL	Sofia Delane
12	1	NPC_/FULL	Talia Morrow
12	2	NPC_/FULL	Talon Mercer
12	1	NPC_/FULL	Tess Marlowe
12	1	NPC_/FULL	Tessa Marlow
12	1	NPC_/FULL	Tessa Morane
12	1	NPC_/FULL	Tomas Calder
12	1	NPC_/FULL	Tycho Reddan
12	1	NPC_/FULL	Victor Ansel
13	1	NPC_/FULL	Adrian Kellan
13	1	NPC_/FULL	Adrian Kovacs
13	1	NPC_/FULL	Adrian Mercer
13	1	NPC_/FULL	Aisha Navarro
13	1	NPC_/FULL	Amira Collins
13	1	NPC_/FULL	Caleb Drayton
13	1	NPC_/FULL	Caleb Hartman
13	1	NPC_/FULL	Caleb Navarro
13	1	NPC_/FULL	Caleb Ordonez
13	1	NPC_/FULL	Cole Hartmann
13	1	NPC_/FULL	Damian Cortez
13	1	NPC_/FULL	Damien Harlow
13	1	NPC_/FULL	Damon Kessler
13	1	NPC_/FULL	Danica Harlow
13	3	NPC_/FULL	Darius Kellan
13	1	NPC_/FULL	Darius Keller
13	1	NPC_/FULL	Darius Okafor
13	3	NPC_/FULL	Darren Kovacs
13	1	NPC_/FULL	Elena Marquez
13	1	NPC_/FULL	Elena Navarro
13	1	NPC_/FULL	Elena Voronin
13	1	NPC_/FULL	Elias Corbett
13	2	NPC_/FULL	Elias Drayton
13	1	NPC_/FULL	Elias Kincaid
13	1	NPC_/FULL	Elias Moretti
13	1	NPC_/FULL	Elias Navarro
13	1	NPC_/FULL	Elias Tranter
13	1	NPC_/FULL	Erika Draxler
13	1	NPC_/FULL	Erin Halbrook
13	1	NPC_/FULL	Erin Lockwood
13	1	NPC_/FULL	Gareth Monroe
13	1	NPC_/FULL	Gavin Moretti
13	1	NPC_/FULL	Hannah Cortez
13	1	NPC_/FULL	Harlan Mendez
13	1	NPC_/FULL	Isabella Hart
13	1	NPC_/FULL	Jace Halbrook
13	1	NPC_/FULL	Jace Holloway
13	1	NPC_/FULL	Jace Korrigan
13	2	NPC_/FULL	Jared Holcomb
13	1	NPC_/FULL	Jared Whitlow
13	1	NPC_/FULL	Jonah Kincaid
13	1	NPC_/FULL	Jonah Mireles
13	1	NPC_/FULL	Jonas Eckhart
13	1	NPC_/FULL	Jonas Herrera
13	1	NPC_/FULL	Jonas Kessler
13	2	NPC_/FULL	Jonas Kincaid
13	1	NPC_/FULL	Jonas Markell
13	1	NPC_/FULL	Jonas Verrick
13	1	NPC_/FULL	Julian Mercer
13	1	NPC_/FULL	Kane Madrigal
13	1	NPC_/FULL	Kara Donnelly
13	1	NPC_/FULL	Keira Vondral
13	1	NPC_/FULL	Kellan Duarte
13	1	NPC_/FULL	Kellan Rourke
13	1	NPC_/FULL	Kira Montrose
13	1	NPC_/FULL	Leah Markovic
13	1	NPC_/FULL	Leena Marrick
13	1	NPC_/FULL	Lena Hartmann
13	2	NPC_/FULL	Lena Markovic
13	1	NPC_/FULL	Lena Morozova
13	1	NPC_/FULL	Malik Traynor
13	1	NPC_/FULL	Mara Quintero
13	1	NPC_/FULL	Marcus Delane
13	1	NPC_/FULL	Marcus Ellery
13	1	NPC_/FULL	Marcus Halden
13	1	NPC_/FULL	Marcus Hollen
13	2	NPC_/FULL	Marcus Kellan
13	1	NPC_/FULL	Marcus Kepler
13	1	NPC_/FULL	Marcus Renner
13	2	NPC_/FULL	Marcus Varela
13	1	NPC_/FULL	Marcus Viteri
13	1	NPC_/FULL	Maris Kestrel
13	1	NPC_/FULL	Markus Delane
13	1	NPC_/FULL	Marla Keswick
13	1	NPC_/FULL	Maya Kaczarek
13	1	NPC_/FULL	Miguel Harran
13	1	NPC_/FULL	Mina Dalcourt
13	1	NPC_/FULL	Mira Caldwell
13	1	NPC_/FULL	Mira Halbrook
13	1	NPC_/FULL	Morgan Ishida
13	1	NPC_/FULL	Nadia Ellison
13	1	NPC_/FULL	Nadia Kestrel
13	2	NPC_/FULL	Nadia Serrano
13	1	NPC_/FULL	Naomi Beltran
13	1	NPC_/FULL	Naomi Greaves
13	1	NPC_/FULL	Naomi Halberg
13	1	NPC_/FULL	Naomi Kincaid
13	1	NPC_/FULL	Naomi Reddick
13	1	NPC_/FULL	Naomi Straker
13	1	NPC_/FULL	Naomi Verrick
13	1	NPC_/FULL	Nina Halbrook
13	1	NPC_/FULL	Nyra Esquivel
13	1	NPC_/FULL	Rafael Mercer
13	3	NPC_/FULL	Rhea Donnelly
13	1	NPC_/FULL	Rhea Nakamori
13	2	NPC_/FULL	Rhett Navarro
13	1	NPC_/FULL	Rhett Salgado
13	1	NPC_/FULL	Rico Malloran
13	1	NPC_/FULL	Riley Korovin
13	1	NPC_/FULL	Riya Banerjee
13	1	NPC_/FULL	Riya Halperin
13	1	NPC_/FULL	Riya Sengupta
13	1	NPC_/FULL	Ronan Vickers
13	1	NPC_/FULL	Ruben Calvert
13	1	NPC_/FULL	Sabine Kellar
13	1	NPC_/FULL	Sabine Keller
13	1	NPC_/FULL	Sara Holloway
13	1	NPC_/FULL	Selene Carver
13	1	NPC_/FULL	Selene Marris
13	1	NPC_/FULL	Serena Valdez
13	1	NPC_/FULL	Sofia Marquez
13	1	NPC_/FULL	Talia Serrano
13	1	NPC_/FULL	Tamsin Harlow
13	1	NPC_/FULL	Tessa Crowley
13	1	NPC_/FULL	Tessa Marlowe
13	1	NPC_/FULL	Tessa Morrell
13	1	NPC_/FULL	Tomas Aguilar
13	1	NPC_/FULL	Victor Haines
13	2	NPC_/FULL	Victor Halden
13	1	NPC_/FULL	Victor Hanley
14	1	NPC_/FULL	Adrian Falkner
14	2	NPC_/FULL	Adrian Kessler
14	1	NPC_/FULL	Adrian Kestrel
14	1	NPC_/FULL	Adrian Markell
14	1	NPC_/FULL	Caleb Strasser
14	1	NPC_/FULL	Calen Morrough
14	1	NPC_/FULL	Claire Hoshino
14	1	NPC_/FULL	Damian Verrick
14	4	NPC_/FULL	Darius Kincaid
14	1	NPC_/FULL	Darren Kincaid
14	1	NPC_/FULL	Devin Hargrove
14	1	NPC_/FULL	Elena Halbrook
14	2	NPC_/FULL	Elena Markovic
14	1	NPC_/FULL	Elias Drummond
14	1	NPC_/FULL	Elias Trenholm
14	1	NPC_/FULL	Jessamine Holt
14	1	NPC_/FULL	Jonas Hargrove
14	1	NPC_/FULL	Jordan Kessler
14	1	NPC_/FULL	Julian Hartley
14	1	NPC_/FULL	Kara Linscombe
14	1	NPC_/FULL	Kara Velasquez
14	1	NPC_/FULL	Keira Sundaram
14	1	NPC_/FULL	Kellan Drayton
14	1	NPC_/FULL	Kira Dominguez
14	1	NPC_/FULL	Mara Whitfield
14	1	NPC_/FULL	Marcus Bellamy
14	3	NPC_/FULL	Marcus Ellison
14	1	NPC_/FULL	Marcus Haldane
14	1	NPC_/FULL	Marcus Kincaid
14	1	NPC_/FULL	Marcus Reddick
14	1	NPC_/FULL	Marcus Rennick
14	1	NPC_/FULL	Marina Solanki
14	1	NPC_/FULL	Maris Havelock
14	1	NPC_/FULL	Maris Houghton
14	1	NPC_/FULL	Mason Hargrove
14	1	NPC_/FULL	Miguel Serrano
14	1	NPC_/FULL	Nadia Korrigan
14	1	NPC_/FULL	Naomi Kerrigan
14	1	NPC_/FULL	Priya Deshmukh
14	1	NPC_/FULL	Quinn Hargrove
14	1	NPC_/FULL	Rhea Kallister
14	1	NPC_/FULL	Rico Navarrete
14	1	NPC_/FULL	Riley Sandoval
14	1	NPC_/FULL	Victor Langley
15	1	NPC_/FULL	Damian Kerrigan
15	1	NPC_/FULL	Darius Holmgren
15	1	NPC_/FULL	Heat Ridge Mule
15	1	NPC_/FULL	Heat Ridge Shiv
15	1	NPC_/FULL	Jonas Kettering
15	2	NPC_/FULL	Kara Delvecchio
15	1	NPC_/FULL	Keira Holmstead
15	1	NPC_/FULL	Lucia Barrantes
15	1	NPC_/FULL	Malik Haversham
15	2	NPC_/FULL	Marcus Havelock
15	1	NPC_/FULL	Selene Armitage
15	1	NPC_/FULL	Sienna Korrigan
16	1	NPC_/FULL	Damien Kovalenko
16	1	NPC_/FULL	Darius Kellerton
16	1	NPC_/FULL	Ghost Crew Mixer
16	1	NPC_/FULL	Heat Ridge Scout
16	1	NPC_/FULL	Isabella Moretti
16	1	NPC_/FULL	Marcus Delacourt
16	1	NPC_/FULL	Marla Cartwright
17	1	NPC_/FULL	Ghost Crew Dealer
17	1	NPC_/FULL	Ghost Crew Sentry
17	1	NPC_/FULL	Heat Ridge Keeper
17	2	NPC_/FULL	Slip Girls Keeper
17	1	NPC_/FULL	Slip Girls Sniper
17	2	NPC_/FULL	Static Line Ghost
18	1	NPC_/FULL	Drift Cutters Tech
18	1	NPC_/FULL	Ether Kings Hacker
18	2	NPC_/FULL	Ether Kings Keeper
18	1	NPC_/FULL	Ether Kings Ripper
18	1	NPC_/FULL	Ghost Fangs Broker
18	1	NPC_/FULL	Ghost Fangs Pusher
18	1	NPC_/FULL	Ghost Fangs Sentry
18	1	NPC_/FULL	Ghost Fangs Sniper
18	1	NPC_/FULL	Heat Ridge Breaker
18	1	NPC_/FULL	Heat Ridge Handler
18	1	NPC_/FULL	Razor Strays Fixer
18	2	NPC_/FULL	Slip Girls Breaker
18	1	NPC_/FULL	Slip Girls Drifter
18	1	NPC_/FULL	Static Line Pusher
18	1	NPC_/FULL	Static Line Sentry
19	1	NPC_/FULL	Alliance Unit Medic
19	1	NPC_/FULL	Alliance Unit Scout
19	1	NPC_/FULL	Chrome Sisters Cook
19	1	NPC_/FULL	Chrome Sisters Shiv
19	1	NPC_/FULL	Drift Cutters Scout
19	2	NPC_/FULL	Ether Kings Breaker
19	1	NPC_/FULL	Glowdust Crew Fixer
19	1	NPC_/FULL	Glowdust Crew Scout
19	1	NPC_/FULL	Grime Serpents Shiv
19	1	NPC_/FULL	Razor Strays Ripper
19	1	NPC_/FULL	Redshift Crew Pilot
19	1	NPC_/FULL	Second Flight Medic
19	1	NPC_/FULL	Slick Lowborn Mixer
19	1	NPC_/FULL	Spark Serpents Cook
19	1	NPC_/FULL	Spire Skulls Runner
19	1	NPC_/FULL	Spire Skulls Slicer
19	1	NPC_/FULL	Standard Wing Medic
19	1	NPC_/FULL	Standard Wing Pilot
19	1	NPC_/FULL	Zuri "Vector" Msuya
20	1	NPC_/FULL	Alliance Unit Sensor
20	1	NPC_/FULL	Amina "Grid" Njoroge
20	2	NPC_/FULL	Common Watch Steward
20	1	NPC_/FULL	Emre "Vector" Karaca
20	1	NPC_/FULL	Jamal "Ledger" Rolle
20	1	NPC_/FULL	Marko "Vector" Kovac
20	1	NPC_/FULL	Rafiq "Vector" Sarin
20	1	NPC_/FULL	Razor Strays Breaker
20	1	NPC_/FULL	Razor Strays Drifter
20	1	NPC_/FULL	Razor Strays Lookout
20	1	NPC_/FULL	Redshift Crew Gunner
20	1	NPC_/FULL	Redshift Crew Hauler
20	1	NPC_/FULL	Redshift Crew Prybar
20	1	NPC_/FULL	Rhys "Rivet" Vaughan
20	1	NPC_/FULL	Slick Lowborn Runner
20	1	NPC_/FULL	Spire Skulls Lookout
20	1	NPC_/FULL	Spire Skulls Watcher
20	1	NPC_/FULL	Static Hackers Scout
20	2	NPC_/FULL	Synth Specters Scout
20	1	NPC_/FULL	Vacuum Pryers Mapper
20	1	NPC_/FULL	Vacuum Pryers Rigger
20	1	NPC_/FULL	Vapor Drifters Ghost
20	1	NPC_/FULL	Vapor Drifters Mixer
21	1	NPC_/FULL	Camila "Vector" Rojas
21	2	NPC_/FULL	Central Watch Steward
21	2	NPC_/FULL	Chrome Sisters Runner
21	1	NPC_/FULL	Circuit Drifters Cook
21	1	NPC_/FULL	Circuit Drifters Shiv
21	1	NPC_/FULL	Common Watch Engineer
21	1	NPC_/FULL	Common Watch Operator
21	1	NPC_/FULL	Deadspace Outfit Tech
21	1	NPC_/FULL	Derelict Pryers Patch
21	1	NPC_/FULL	Drift Cutters Foreman
21	1	NPC_/FULL	Drift Cutters Lookout
21	1	NPC_/FULL	Drift Cutters Skimmer
21	1	NPC_/FULL	Drift Cutters Spotter
21	1	NPC_/FULL	East Division Handler
21	1	NPC_/FULL	Eero "Vector" Salonen
21	1	NPC_/FULL	Eitan "Vector" Shalev
21	1	NPC_/FULL	Eliska "Vector" Novak
21	1	NPC_/FULL	Glowdust Crew Skimmer
21	1	NPC_/FULL	Glowdust Crew Trigger
21	1	NPC_/FULL	Gravwell Riggers Tech
21	1	NPC_/FULL	Grime Serpents Dealer
21	1	NPC_/FULL	Grime Serpents Pusher
21	1	NPC_/FULL	Henri "Vector" Muller
21	1	NPC_/FULL	Horizon Staff Analyst
21	1	NPC_/FULL	Leyla "Vector" Rahimi
21	1	NPC_/FULL	Luca "Vector" Moretti
21	1	NPC_/FULL	Luna "Vector" Paredes
21	1	NPC_/FULL	Maarika "Stitch" Tamm
21	1	NPC_/FULL	Nadia "Vector" El-Baz
21	1	NPC_/FULL	Nadzeya "Signal" Rhee
21	1	NPC_/FULL	Prime Deckhands Pilot
21	2	NPC_/FULL	Redshift Crew Handler
21	1	NPC_/FULL	Redshift Crew Spotter
21	1	NPC_/FULL	Second Flight Analyst
21	1	NPC_/FULL	Silk Collective Fixer
21	1	NPC_/FULL	Spark Serpents Dealer
21	1	NPC_/FULL	Spark Serpents Hacker
21	1	NPC_/FULL	Spark Serpents Ripper
21	1	NPC_/FULL	Spire Wreckers Gunner
21	1	NPC_/FULL	Standard Wing Analyst
21	1	NPC_/FULL	Synth Specters Hacker
21	1	NPC_/FULL	Tural "Vector" Aliyev
21	2	NPC_/FULL	Vacuum Pryers Foreman
21	1	NPC_/FULL	Vacuum Pryers Handler
21	2	NPC_/FULL	Vapor Drifters Sentry
21	1	NPC_/FULL	Voltage Hackers Scout
22	2	NPC_/FULL	Alliance Unit Operator
22	2	NPC_/FULL	Central Watch Deckhand
22	1	NPC_/FULL	Chrome Sisters Skimmer
22	1	NPC_/FULL	Core Division Observer
22	1	NPC_/FULL	Deadspace Outfit Pilot
22	1	NPC_/FULL	Derelict Pryers Loader
22	1	NPC_/FULL	Derelict Pryers Slicer
22	1	NPC_/FULL	Diego "Torque" Salazar
22	1	NPC_/FULL	Diego "Vector" Quiroga
22	1	NPC_/FULL	Diego "Vector" Salazar
22	1	NPC_/FULL	Erisa "Waypoint" Gashi
22	1	NPC_/FULL	Fraser "Graft" MacLeod
22	2	NPC_/FULL	Graveyard Divers Diver
22	1	NPC_/FULL	Graveyard Divers Patch
22	1	NPC_/FULL	Graveyard Divers Torch
22	1	NPC_/FULL	Gravwell Riggers Patch
22	1	NPC_/FULL	Gravwell Riggers Scout
22	1	NPC_/FULL	Grime Serpents Lookout
22	1	NPC_/FULL	Grime Serpents Skimmer
22	1	NPC_/FULL	Grime Serpents Trigger
22	1	NPC_/FULL	Horizon Staff Observer
22	1	NPC_/FULL	Irina "Rivet" Dragomir
22	1	NPC_/FULL	Junkyard Jackals Pilot
22	1	NPC_/FULL	Junkyard Jackals Scout
22	1	NPC_/FULL	Mateo "Rivet" Castillo
22	1	NPC_/FULL	Silk Collective Broker
22	1	NPC_/FULL	Spire Wreckers Drifter
22	1	NPC_/FULL	Spire Wreckers Lookout
22	1	NPC_/FULL	Standard Wing Engineer
22	1	NPC_/FULL	Starbreak Salvors Tech
22	1	NPC_/FULL	Static Hackers Lookout
22	1	NPC_/FULL	Synth Specters Lookout
22	1	NPC_/FULL	Synth Specters Skimmer
22	1	NPC_/FULL	Thalia "Vector" Kouris
22	1	NPC_/FULL	Tiana "Gravlock" Rolle
22	1	NPC_/FULL	Voltage Hackers Gunner
22	1	NPC_/FULL	Voltage Hackers Pusher
22	1	NPC_/FULL	Voltage Hackers Reaper
22	1	NPC_/FULL	Voltage Hackers Ripper
23	1	NPC_/FULL	Amal "Ghostline" Bashir
23	1	NPC_/FULL	Amel "Vector" Ben Aissa
23	1	NPC_/FULL	Blueglass Sisters Fixer
23	1	NPC_/FULL	Camila "Vector" Moreira
23	1	NPC_/FULL	Circuit Drifters Dealer
23	1	NPC_/FULL	Circuit Drifters Sentry
23	1	NPC_/FULL	Coldlight Sparks Pusher
23	1	NPC_/FULL	Coldlight Sparks Reaper
23	1	NPC_/FULL	Deadspace Outfit Gunner
23	1	NPC_/FULL	Deadspace Outfit Mapper
23	1	NPC_/FULL	Deadspace Outfit Ropper
23	1	NPC_/FULL	Deepvoid Haulers Gunner
23	1	NPC_/FULL	Deepvoid Haulers Hauler
23	1	NPC_/FULL	Deepvoid Haulers Mapper
23	1	NPC_/FULL	Deepvoid Torchers Diver
23	1	NPC_/FULL	Derelict Salvors Loader
23	1	NPC_/FULL	Dorian "Stitch" Ionescu
23	1	NPC_/FULL	East Division Navigator
23	1	NPC_/FULL	Fahd "Vector" al-Sayeed
23	1	NPC_/FULL	Graveyard Divers Gunner
23	1	NPC_/FULL	Gravwell Boarders Pilot
23	1	NPC_/FULL	Gravwell Boarders Scout
23	1	NPC_/FULL	Gravwell Riggers Cutter
23	1	NPC_/FULL	Gravwell Riggers Hauler
23	1	NPC_/FULL	Hamad "Vector" Al-Thani
23	1	NPC_/FULL	Hessa "Vector" Al-Masri
23	1	NPC_/FULL	Horizon Staff Navigator
23	1	NPC_/FULL	Idris "Rivet" Llewellyn
23	1	NPC_/FULL	Junkyard Jackals Loader
23	1	NPC_/FULL	Junkyard Jackals Slicer
23	1	NPC_/FULL	Mira "Catalyst" Vukovic
23	1	NPC_/FULL	Musa "Gravline" Nsubuga
23	1	NPC_/FULL	Prime Deckhands Handler
23	1	NPC_/FULL	Primeway Flight Handler
23	2	NPC_/FULL	Primeway Flight Steward
23	1	NPC_/FULL	Rafael "Dustback" Rivas
23	1	NPC_/FULL	Rafael "Vector" Almeida
23	1	NPC_/FULL	Scrapstar Haulers Torch
23	2	NPC_/FULL	Second Flight Navigator
23	1	NPC_/FULL	Silk Collective Lookout
23	1	NPC_/FULL	Spark Serpents Smuggler
23	1	NPC_/FULL	Static Hackers Smuggler
23	1	NPC_/FULL	Synth Specters Smuggler
23	1	NPC_/FULL	Valeria "Vector" Quispe
23	1	NPC_/FULL	Voltage Hackers Skimmer
23	1	NPC_/FULL	Yael "Catalyst" Ben-Ami
24	1	NPC_/FULL	Central Watch Researcher
24	1	NPC_/FULL	Circuit Drifters Cracker
24	1	NPC_/FULL	Coldvoid Operators Diver
24	1	NPC_/FULL	Coldvoid Operators Pilot
24	1	NPC_/FULL	Core Division Specialist
24	2	NPC_/FULL	Core Division Technician
24	1	NPC_/FULL	Deadspace Outfit Breaker
24	1	NPC_/FULL	Deadspace Outfit Lookout
24	1	NPC_/FULL	Deepvoid Haulers Breaker
24	1	NPC_/FULL	Deepvoid Scrappers Torch
24	1	NPC_/FULL	Deepvoid Torchers Gunner
24	1	NPC_/FULL	Deepvoid Torchers Prybar
24	1	NPC_/FULL	Deepvoid Torchers Rigger
24	1	NPC_/FULL	Derelict Pryers Stripper
24	1	NPC_/FULL	Diego "Vector" Arancibia
24	1	NPC_/FULL	Dimitar "Catalyst" Velev
24	1	NPC_/FULL	East Division Researcher
24	1	NPC_/FULL	East Division Technician
24	1	NPC_/FULL	Elena "Catalyst" Navarro
24	1	NPC_/FULL	Eszter "Stormglass" Toth
24	1	NPC_/FULL	Faris "Stitch" Al-Khatib
24	1	NPC_/FULL	Graveyard Boarders Pilot
24	1	NPC_/FULL	Graveyard Boarders Torch
24	2	NPC_/FULL	Graveyard Divers Skimmer
24	1	NPC_/FULL	Gravwell Boarders Cutter
24	1	NPC_/FULL	Gravwell Boarders Mapper
24	1	NPC_/FULL	Gravwell Riggers Scanner
24	1	NPC_/FULL	Horizon Staff Technician
24	1	NPC_/FULL	Junkyard Jackals Handler
24	1	NPC_/FULL	Marisol "Vector" Aguilar
24	1	NPC_/FULL	Prime Deckhands Engineer
24	1	NPC_/FULL	Prime Deckhands Operator
24	1	NPC_/FULL	Primeway Flight Deckhand
24	1	NPC_/FULL	Rafael "Ledger" Villalba
24	1	NPC_/FULL	Reese "Deadchannel" Hart
24	1	NPC_/FULL	Rustbelt Scrappers Diver
24	1	NPC_/FULL	Second Flight Specialist
24	1	NPC_/FULL	Silk Collective Enforcer
24	1	NPC_/FULL	Starbreak Salvors Ropper
24	1	NPC_/FULL	Tariq "Vector" Al-Sayeed
24	1	NPC_/FULL	Vahagn "Rivet" Sarkisyan
24	1	NPC_/FULL	Vittoria "Rivet" Moretti
25	1	NPC_/FULL	Aisha "Vector" Al Mansoor
25	1	NPC_/FULL	Amal "Vector" Al Mansoori
25	1	NPC_/FULL	Arben "Deadlock" Kelmendi
25	1	NPC_/FULL	Blueglass Sisters Lookout
25	1	NPC_/FULL	Camila "Synapse" Mendieta
25	1	NPC_/FULL	Core Division Coordinator
25	1	NPC_/FULL	Deepvoid Scrappers Cutter
25	1	NPC_/FULL	Deepvoid Scrappers Loader
25	1	NPC_/FULL	Deepvoid Scrappers Mapper
25	1	NPC_/FULL	Deepvoid Torchers Breaker
25	1	NPC_/FULL	Deepvoid Torchers Scanner
25	1	NPC_/FULL	Deepvoid Torchers Spotter
25	2	NPC_/FULL	Derelict Salvors Stripper
25	1	NPC_/FULL	Einar "Vector" Sigurdsson
25	1	NPC_/FULL	Gareth "Torque" Llewellyn
25	1	NPC_/FULL	Gravwell Boarders Breaker
25	1	NPC_/FULL	Gravwell Boarders Foreman
25	1	NPC_/FULL	Gravwell Boarders Spotter
25	1	NPC_/FULL	Hullgrave Strippers Scout
25	1	NPC_/FULL	Hullgrave Strippers Torch
25	1	NPC_/FULL	Kiera "Starline" Castillo
25	1	NPC_/FULL	Layla "Vector" Al Mansoor
25	1	NPC_/FULL	Leila "Catalyst" Martinez
25	1	NPC_/FULL	Nasiba "Ledger" Rahmonova
25	1	NPC_/FULL	Omar "Gravevector" Nassar
25	1	NPC_/FULL	Rashid "Torque" Al-Haddad
25	1	NPC_/FULL	Rustbelt Scrappers Jumper
25	1	NPC_/FULL	Rustbelt Scrappers Ropper
25	2	NPC_/FULL	Rustbelt Scrappers Slicer
25	1	NPC_/FULL	Scrapstar Haulers Lookout
25	1	NPC_/FULL	Shattered Scrappers Scout
25	1	NPC_/FULL	Standard Wing Coordinator
25	1	NPC_/FULL	Starbreak Salvors Lookout
25	1	NPC_/FULL	Starbreak Salvors Spotter
25	1	NPC_/FULL	Unity Specialists Handler
26	1	NPC_/FULL	Blacksite Scrappers Cutter
26	1	NPC_/FULL	Blacksite Scrappers Hauler
26	1	NPC_/FULL	Blacksite Scrappers Mapper
26	1	NPC_/FULL	Blacksite Scrappers Ropper
26	2	NPC_/FULL	Deepvoid Scrappers Scanner
26	1	NPC_/FULL	Graveyard Boarders Foreman
26	1	NPC_/FULL	Hullgrave Strippers Gunner
26	2	NPC_/FULL	Hullgrave Strippers Mapper
26	1	NPC_/FULL	Scrapstar Haulers Stripper
26	1	NPC_/FULL	Shattered Scrappers Gunner
26	1	NPC_/FULL	Shattered Scrappers Hauler
26	1	NPC_/FULL	Shattered Scrappers Prybar
26	1	NPC_/FULL	Shattered Scrappers Rigger
26	1	NPC_/FULL	Unity Specialists Observer
27	1	NPC_/FULL	Aigerim "Deadlock" Saparova
27	1	NPC_/FULL	Coldvoid Operators Stripper
27	1	NPC_/FULL	Common Watch Communications
27	1	NPC_/FULL	Hullgrave Strippers Breaker
27	1	NPC_/FULL	Malika "Starline" Rahmonova
27	1	NPC_/FULL	Marleni "Quietline" Palacio
27	1	NPC_/FULL	Mugisha "Vector" Nkurunziza
27	1	NPC_/FULL	Rustbelt Scrappers Stripper
27	1	NPC_/FULL	Shattered Harvesters Mapper
27	1	NPC_/FULL	Shattered Scrappers Scanner
27	1	NPC_/FULL	Unity Specialists Navigator
28	1	NPC_/FULL	East Division Communications
28	1	NPC_/FULL	Horizon Staff Communications
28	1	NPC_/FULL	Karim "Deadweight" al-Najjar
28	1	NPC_/FULL	Mavluda "Stormline" Rahimova
28	1	NPC_/FULL	Mikal "Starline" Horbatovich
28	1	NPC_/FULL	Mikkel "Deadset" Vestergaard
28	2	NPC_/FULL	Shattered Harvesters Handler
28	1	NPC_/FULL	Shattered Harvesters Scanner
28	1	NPC_/FULL	Unity Specialists Technician
29	1	NPC_/FULL	Aizada "Vector" Sultangazieva
29	1	NPC_/FULL	Prime Deckhands Quartermaster
30	1	NPC_/FULL	Primeway Flight Communications
31	1	NPC_/FULL	Evariste "Deadbolt" Ndayiragije
31	1	NPC_/FULL	Unity Specialists Quartermaster
