8	1	QUST/FULL	043a1ad4
8	1	QUST/FULL	07976182
8	1	QUST/FULL	07991e6b
8	1	QUST/FULL	0da48c07
8	1	QUST/FULL	117a09cf
8	1	QUST/FULL	12040746
8	1	QUST/FULL	1d2d4f3c
8	1	QUST/FULL	2437d83d
8	1	QUST/FULL	2cb59e80
8	1	QUST/FULL	2e15d6d0
8	1	QUST/FULL	3685d464
8	1	QUST/FULL	370e1e43
8	1	QUST/FULL	372535f0
8	1	QUST/FULL	399e875e
8	1	QUST/FULL	3c20c437
8	1	QUST/FULL	3ff9a60f
8	1	QUST/FULL	4436a289
8	1	QUST/FULL	46872b93
8	1	QUST/FULL	574b0ed2
8	1	QUST/FULL	5835353d
8	1	QUST/FULL	5da31c95
8	1	QUST/FULL	694100c9
8	1	QUST/FULL	6b00953b
8	1	QUST/FULL	784cf282
8	1	QUST/FULL	78503ef3
8	1	QUST/FULL	7d9a0fea
8	1	QUST/FULL	7e15532b
8	1	QUST/FULL	82712803
8	1	QUST/FULL	865d9dab
8	1	QUST/FULL	879b6857
8	1	QUST/FULL	893bb2c5
8	1	QUST/FULL	8e492596
8	1	QUST/FULL	8f1ed84e
8	1	QUST/FULL	9124cf32
8	1	QUST/FULL	9180fb26
8	1	QUST/FULL	993419f3
8	1	QUST/FULL	9c27a507
8	1	QUST/FULL	9d785788
8	1	QUST/FULL	9e7fe6cd
8	1	QUST/FULL	ab85b9b9
8	1	QUST/FULL	ae2d093d
8	1	QUST/FULL	b1aef659
8	1	QUST/FULL	b4a88674
8	1	QUST/FULL	b4ad40ba
8	1	QUST/FULL	b4c95839
8	1	QUST/FULL	b698baad
8	1	QUST/FULL	babb19b8
8	1	QUST/FULL	c0a81b4d
8	1	QUST/FULL	c0e5b2e5
8	1	QUST/FULL	c4436b7f
8	1	QUST/FULL	c80a99c8
8	1	QUST/FULL	c8658d7b
8	1	QUST/FULL	d09cd094
8	1	QUST/FULL	d645b820
8	1	QUST/FULL	db8f9ae9
8	1	QUST/FULL	dbb00053
8	1	QUST/FULL	dcb8d8ae
8	1	QUST/FULL	e158b8fc
8	1	QUST/FULL	e2c51158
8	1	QUST/FULL	e5c91730
8	1	QUST/FULL	e67373e7
8	1	QUST/FULL	e98ddf0e
8	1	QUST/FULL	eb094765
8	1	QUST/FULL	eeda38f1
8	1	QUST/FULL	efe7657d
8	1	QUST/FULL	f1fe742f
8	1	QUST/FULL	f4b3ab99
8	1	QUST/FULL	f6522b27
8	1	QUST/FULL	f68defe6
8	1	QUST/FULL	f86ceb94
8	1	QUST/FULL	fb183616
11	1	QUST/FULL	Exit Vector
11	1	QUST/FULL	Grav Echoes
11	1	QUST/FULL	Grav Ledger
12	1	QUST/FULL	Abort Vector
12	1	QUST/FULL	Aegis Echoes
12	2	QUST/FULL	Broken Lanes
12	1	QUST/FULL	Choice Quest
12	1	QUST/FULL	Ghost Berths
12	1	QUST/FULL	Isobar's Law
13	1	QUST/FULL	Blind Windows
13	1	QUST/FULL	Dead on Paper
13	1	QUST/FULL	Off-Grid Echo
13	1	QUST/FULL	Offset Vector
13	1	QUST/FULL	Second Ascent
14	1	QUST/FULL	Forked Vectors
14	1	QUST/FULL	Gravfall Audit
14	1	QUST/FULL	Ledger of Ruin
14	1	QUST/FULL	Lines Of Drift
15	1	QUST/FULL	Convergent Hand
15	1	QUST/FULL	Core Of Silence
15	1	QUST/FULL	Crossed Vectors
15	1	QUST/FULL	Diverging Lanes
15	1	QUST/FULL	Echoes Of Aegis
15	1	QUST/FULL	Echoes Of Array
15	1	QUST/FULL	Ghostline Relay
15	1	QUST/FULL	Highland Echoes
15	1	QUST/FULL	Sanctuary Route
15	1	QUST/FULL	Scar of Service
15	1	QUST/FULL	Split Corridors
15	1	QUST/FULL	Vector Of Blame
15	1	QUST/FULL	Vectors of Ruin
16	1	QUST/FULL	Across The Drift
16	1	QUST/FULL	Anchor Of Intent
16	1	QUST/FULL	Below The Ledger
16	1	QUST/FULL	Castillo Lattice
16	1	QUST/FULL	Cold Yard Ledger
16	1	QUST/FULL	Dustline Anomaly
16	1	QUST/FULL	Ghost Lane Relay
16	1	QUST/FULL	Graveyard Vector
16	1	QUST/FULL	Grey Seeder Burn
16	2	QUST/FULL	Last Safe Vector
16	1	QUST/FULL	Ledger Of Ghosts
16	1	QUST/FULL	Margins Of Error
16	1	QUST/FULL	Neural Faultline
16	1	QUST/FULL	Origen Faultline
16	3	QUST/FULL	Silent Corridors
16	1	QUST/FULL	Stolen Corridors
16	1	QUST/FULL	Twinband Shadows
16	1	QUST/FULL	Vectors of Mercy
17	1	QUST/FULL	Anchorpoint Black
17	1	QUST/FULL	Breath On A Knife
17	1	QUST/FULL	Cipher Of Failure
17	1	QUST/FULL	Cold Decommission
17	1	QUST/FULL	Crossed Corridors
17	1	QUST/FULL	Dead Ledger Trail
17	1	QUST/FULL	Deadfile Protocol
17	1	QUST/FULL	Debts In The Dark
17	1	QUST/FULL	Dust In The Grain
17	2	QUST/FULL	Echoes In Transit
17	1	QUST/FULL	Fog in the Ledger
17	1	QUST/FULL	Forked Sky Ledger
17	1	QUST/FULL	Ghost Fleet Audit
17	1	QUST/FULL	Ghosts Along Kryx
17	1	QUST/FULL	Ghosts Below Neon
17	1	QUST/FULL	Ghosts In Transit
17	1	QUST/FULL	Ghosts On The Map
17	1	QUST/FULL	Grav Atlas Cipher
17	1	QUST/FULL	Grav Spiral Trail
17	1	QUST/FULL	Gravline's Ledger
17	1	QUST/FULL	Gravshadow Ledger
17	1	QUST/FULL	Grids of the Lost
17	1	QUST/FULL	Heliotrope Vector
17	1	QUST/FULL	Paper Trails Burn
17	1	QUST/FULL	Relay of the Dead
17	1	QUST/FULL	Seeds of Collapse
17	1	QUST/FULL	Shards In The Sky
17	1	QUST/FULL	Silent Exit Trail
17	1	QUST/FULL	The Chemist's War
17	1	QUST/FULL	Umbra Weatherline
18	1	QUST/FULL	Anchor In The Dark
18	1	QUST/FULL	Axis Constellation
18	1	QUST/FULL	Beacon In The Dark
18	1	QUST/FULL	Breathfall Pattern
18	1	QUST/FULL	Corridor Of Echoes
18	1	QUST/FULL	Depths of the Grid
18	1	QUST/FULL	Echo Track Descent
18	1	QUST/FULL	Echoes Before Jump
18	1	QUST/FULL	Echoes In The Fork
18	1	QUST/FULL	Echoes In The Lane
18	1	QUST/FULL	Echoes In The Silo
18	1	QUST/FULL	Echoes Of The Grid
18	1	QUST/FULL	Echoes Of The Jump
18	1	QUST/FULL	Echoes Of The Null
18	1	QUST/FULL	Echoes On The Edge
18	1	QUST/FULL	Forked Flightpaths
18	1	QUST/FULL	Ghost Lanes Awaken
18	1	QUST/FULL	Ghost Lanes Broken
18	1	QUST/FULL	Ghost in the Lanes
18	1	QUST/FULL	Ghostline Failsafe
18	1	QUST/FULL	Ghosts On The Lane
18	1	QUST/FULL	Ghosts On The Line
18	1	QUST/FULL	Grav Fault Horizon
18	1	QUST/FULL	Grav Scars In Soil
18	1	QUST/FULL	Grav Spiral Signal
18	1	QUST/FULL	Gravemarked Orbits
18	1	QUST/FULL	Graves In The Void
18	1	QUST/FULL	Graves in the Data
18	1	QUST/FULL	Graveyard Currents
18	1	QUST/FULL	Gravities Of Guilt
18	1	QUST/FULL	Inverting the Fold
18	1	QUST/FULL	Ledger In The Deep
18	1	QUST/FULL	Ledger Of The Dead
18	1	QUST/FULL	Ledger Of The Lost
18	1	QUST/FULL	Ledger Of Thin Air
18	1	QUST/FULL	Ledgerfall Salvage
18	1	QUST/FULL	Neon Crossed Paths
18	1	QUST/FULL	Routes Of The Lost
18	1	QUST/FULL	Rust Between Stars
18	1	QUST/FULL	Seeds Of The Storm
18	1	QUST/FULL	Sketching The Void
18	1	QUST/FULL	Spin Cascade Trail
18	1	QUST/FULL	Spiral Of Misjumps
18	1	QUST/FULL	Spiral Shots Fired
18	1	QUST/FULL	Telemetry Of Doubt
18	1	QUST/FULL	Tidal Ledger Trail
18	1	QUST/FULL	Under Cask Shadows
18	1	QUST/FULL	Vectors of Silence
19	1	QUST/FULL	Breaking The Ledger
19	1	QUST/FULL	Breath Of Liability
19	1	QUST/FULL	Corridor Above Neon
19	1	QUST/FULL	Credit Ghost Ledger
19	1	QUST/FULL	Cycles Beneath Neon
19	1	QUST/FULL	Drafting the Spiral
19	1	QUST/FULL	Drift Of Collateral
19	1	QUST/FULL	Echoes In The Black
19	1	QUST/FULL	Echoes Of Heelstone
19	1	QUST/FULL	Echoes Of Riftblade
19	1	QUST/FULL	Echoes Of The Quiet
19	1	QUST/FULL	Echoes Off The Lane
19	1	QUST/FULL	Echoes in the Lanes
19	1	QUST/FULL	Echoes in the Queue
19	1	QUST/FULL	Echoes of Ward Zero
19	1	QUST/FULL	Fault Lines Inbound
19	1	QUST/FULL	Forged In The Storm
19	1	QUST/FULL	Fracture In The Sky
19	1	QUST/FULL	Ghost In The Drives
19	5	QUST/FULL	Ghosts In The Lanes
19	1	QUST/FULL	Ghosts in the Drift
19	1	QUST/FULL	Ghosts in the Lanes
19	1	QUST/FULL	Grav Ledger Silence
19	1	QUST/FULL	Grav Lines Of Guilt
19	1	QUST/FULL	Grav Shear Doctrine
19	1	QUST/FULL	Grav Whispers Above
19	1	QUST/FULL	Grav-Shear Catalyst
19	1	QUST/FULL	Gravblind Corridors
19	1	QUST/FULL	Grave Drift Silence
19	1	QUST/FULL	Graveyard Manifests
19	1	QUST/FULL	Last Patient Ledger
19	1	QUST/FULL	Ledger Of Harmonics
19	1	QUST/FULL	Lines of the Living
19	1	QUST/FULL	Muted Fields Rising
19	1	QUST/FULL	Quiet Minds Falling
19	1	QUST/FULL	Rainfall In Transit
19	1	QUST/FULL	Redline Of The Lost
19	1	QUST/FULL	Relay Ghost Pursuit
19	1	QUST/FULL	Rust In The Ledgers
19	1	QUST/FULL	Second Horizon Trap
19	1	QUST/FULL	Shadow In The Lanes
19	1	QUST/FULL	Shadowed Flightpath
19	1	QUST/FULL	Shadows on the Grid
19	1	QUST/FULL	Shattering the Echo
19	1	QUST/FULL	Silent Skies Logged
19	1	QUST/FULL	Skyline Of Omission
19	1	QUST/FULL	Spiral in the Black
19	1	QUST/FULL	Split Range Signals
19	1	QUST/FULL	Stress Test Signals
19	1	QUST/FULL	Tides Of The Ledger
19	1	QUST/FULL	Turnpoint's Balance
19	1	QUST/FULL	Variance In Transit
19	1	QUST/FULL	Vector Of No Return
19	2	QUST/FULL	Vectors In The Dark
19	1	QUST/FULL	Vectors Of Omission
19	1	QUST/FULL	Vectors in the Void
19	1	QUST/FULL	Vectors of Collapse
19	1	QUST/FULL	Vectors of Omission
19	1	QUST/FULL	Veil Of Broken Maps
19	1	QUST/FULL	Whispers In The Log
19	1	QUST/FULL	Windows In The Dark
20	1	QUST/FULL	Ambushes In His Wake
20	1	QUST/FULL	Blind Corridor Trace
20	1	QUST/FULL	Corridor Of Omission
20	1	QUST/FULL	Corridors Of Silence
20	1	QUST/FULL	Course Of The Damned
20	1	QUST/FULL	Deadbolt In The Dark
20	1	QUST/FULL	Divided Supply Lines
20	1	QUST/FULL	Drift Among The Dead
20	1	QUST/FULL	Drift At The Margins
20	1	QUST/FULL	Drift Toward Silence
20	1	QUST/FULL	Drifting Clinic Echo
20	1	QUST/FULL	Echoes Along Vectors
20	1	QUST/FULL	Echoes Between Lanes
20	1	QUST/FULL	Echoes of False Suns
20	1	QUST/FULL	Echoes of Hearthline
20	1	QUST/FULL	Final Route Collapse
20	1	QUST/FULL	Forked Signal Trails
20	1	QUST/FULL	Frontier Petri Lines
20	1	QUST/FULL	Ghosts In The Charts
20	4	QUST/FULL	Ghosts In The Ledger
20	1	QUST/FULL	Ghosts on the Roster
20	1	QUST/FULL	Grav Echo Signatures
20	1	QUST/FULL	Graveyard Of Signals
20	1	QUST/FULL	Last Vector Standing
20	1	QUST/FULL	Ledger Of Lost Minds
20	1	QUST/FULL	Ledger Of Lost Quiet
20	1	QUST/FULL	Liminal Cargo Vector
20	1	QUST/FULL	Meshwork Convergence
20	1	QUST/FULL	Offset In The Charts
20	1	QUST/FULL	Overwatch Ghost Path
20	1	QUST/FULL	Phantom Vector Trail
20	1	QUST/FULL	Protocol Of The Ward
20	1	QUST/FULL	Quiet Current Rising
20	1	QUST/FULL	Recall In The Gutter
20	1	QUST/FULL	Recall of the Fallen
20	1	QUST/FULL	Registry Of The Lost
20	1	QUST/FULL	Riding The Stormline
20	1	QUST/FULL	Shadow Of The Convoy
20	1	QUST/FULL	Shadows Beneath Neon
20	1	QUST/FULL	Shifts Beneath Stone
20	1	QUST/FULL	Silence Before Drift
20	1	QUST/FULL	Silent Lattice Lines
20	1	QUST/FULL	Skyline Ghost Trails
20	1	QUST/FULL	Spliced Signal Trail
20	1	QUST/FULL	Stolen Lines Of Fire
20	1	QUST/FULL	Triage Of The Damned
20	1	QUST/FULL	Vector Of The Unseen
20	1	QUST/FULL	Vector of the Broken
20	1	QUST/FULL	Vectors In The Blood
20	1	QUST/FULL	Vectors In The Storm
20	1	QUST/FULL	Vectors Into Silence
20	1	QUST/FULL	Vectors Of Contagion
20	1	QUST/FULL	Warm Corridor Ledger
20	1	QUST/FULL	Weight Of The Wrecks
21	1	QUST/FULL	Anchor On The Horizon
21	1	QUST/FULL	Conduction Of Drought
21	1	QUST/FULL	Converging Risk Lines
21	1	QUST/FULL	Corridors In The Dark
21	1	QUST/FULL	Drift Between Windows
21	1	QUST/FULL	Dryline Cargo Shadows
21	1	QUST/FULL	Dryline Vector Trails
21	1	QUST/FULL	Echoes Of Drift Lanes
21	1	QUST/FULL	Echoes Of Her Passage
21	1	QUST/FULL	Echoes Of The Lattice
21	1	QUST/FULL	End of the Ghost Lane
21	1	QUST/FULL	Forked Pressure Lines
21	1	QUST/FULL	Ghost Insertion Paths
21	1	QUST/FULL	Ghost Routes Unmasked
21	1	QUST/FULL	Ghostlane Spill Trail
21	1	QUST/FULL	Ghostline Risk Ledger
21	1	QUST/FULL	Ghostlines Last Order
21	1	QUST/FULL	Ghosts Along The Line
21	1	QUST/FULL	Ghosts In The Ledgers
21	1	QUST/FULL	Ghosts On Green Lanes
21	1	QUST/FULL	Ghosts Under The Span
21	1	QUST/FULL	Ghosts in the Gravnet
21	1	QUST/FULL	Grav Lines Of Silence
21	1	QUST/FULL	Grave Lanes Of Vector
21	1	QUST/FULL	Gravelight Echo Trail
21	1	QUST/FULL	Graves Along The Lane
21	1	QUST/FULL	Graveyard Ledger Lock
21	1	QUST/FULL	Gravlines Of Betrayal
21	1	QUST/FULL	Gravlines Of The Lost
21	1	QUST/FULL	Gravshadow Approaches
21	1	QUST/FULL	Handshake in the Dark
21	1	QUST/FULL	Ledger Of Echo Routes
21	1	QUST/FULL	Ledger of Lost Worlds
21	1	QUST/FULL	Listening Post Echoes
21	1	QUST/FULL	Red Account Reckoning
21	1	QUST/FULL	Redline Harvest Trail
21	1	QUST/FULL	Sealed Vector Pattern
21	1	QUST/FULL	Shadow Lanes Collapse
21	1	QUST/FULL	Signal Along The Scar
21	1	QUST/FULL	Signal Over Semaphore
21	1	QUST/FULL	Silent Corridor Lines
21	1	QUST/FULL	Silent Signals Rising
21	1	QUST/FULL	Storm Windows Burning
21	1	QUST/FULL	Stormline Of The Void
21	1	QUST/FULL	Triage Lines Unending
21	1	QUST/FULL	Underbelly Of Vectors
21	1	QUST/FULL	Variance In The Blood
21	1	QUST/FULL	Vectors In The Ledger
21	1	QUST/FULL	Vectors Of The Fallen
22	1	QUST/FULL	Accident Profit Scheme
22	1	QUST/FULL	Ashfall Retrofit Trail
22	1	QUST/FULL	Atmospheres On A Knife
22	1	QUST/FULL	Audit Of Falling Lanes
22	1	QUST/FULL	Bracepoint Convergence
22	1	QUST/FULL	Buried Corridor Ledger
22	1	QUST/FULL	Cairnward Trajectories
22	1	QUST/FULL	Cassini's Quiet Ledger
22	1	QUST/FULL	Chasing the Zero Point
22	1	QUST/FULL	Collateral Drift Route
22	1	QUST/FULL	Confluence In The Dark
22	1	QUST/FULL	Creditforge Conspiracy
22	1	QUST/FULL	Crosshair In The Storm
22	1	QUST/FULL	Crossroads In The Void
22	1	QUST/FULL	Echoes Along Blueglass
22	1	QUST/FULL	Echoes Along Periapsis
22	1	QUST/FULL	Echoes Along The Lanes
22	1	QUST/FULL	Echoes In The Manifold
22	1	QUST/FULL	Footprints In The Void
22	1	QUST/FULL	Fractured Transit Node
22	1	QUST/FULL	Ghostlines Final Audit
22	1	QUST/FULL	Ghosts In The Corridor
22	1	QUST/FULL	Ghosts In The Firmware
22	1	QUST/FULL	Ghosts Of The Nullwake
22	1	QUST/FULL	Graftlines In The Dust
22	1	QUST/FULL	Grav Drift Convergence
22	1	QUST/FULL	Gravelines Of Omission
22	1	QUST/FULL	Gravelines of Omission
22	1	QUST/FULL	Gravelines of the Lost
22	1	QUST/FULL	Graveyard Signal Chain
22	1	QUST/FULL	Gravlines Of No Return
22	1	QUST/FULL	Haunt Of The Chalkline
22	1	QUST/FULL	Highland Lines Closing
22	1	QUST/FULL	Index Of Missing Lanes
22	1	QUST/FULL	Ledger Of Lost Vectors
22	1	QUST/FULL	Mech Echoes In Transit
22	1	QUST/FULL	Pattern of the Wounded
22	1	QUST/FULL	Second Horizon Vectors
22	1	QUST/FULL	Shadows In The Balance
22	1	QUST/FULL	Silent Beacons Falling
22	1	QUST/FULL	Spin-Balance Reckoning
22	1	QUST/FULL	Stacking The Semaphore
22	1	QUST/FULL	Stains Along The Lanes
22	1	QUST/FULL	Trustsphere Trajectory
22	1	QUST/FULL	Underbelly Echo Routes
22	1	QUST/FULL	Underbelly Stress Test
22	1	QUST/FULL	Windows Of Convergence
23	1	QUST/FULL	Beacon On The Outskirts
23	1	QUST/FULL	Blind Vectors Threshold
23	1	QUST/FULL	Convergence of Misjumps
23	1	QUST/FULL	Corridors Of The Unseen
23	1	QUST/FULL	Diverging Traffic Paths
23	1	QUST/FULL	Echoes Along Dead Space
23	1	QUST/FULL	Echoes Along Gravelight
23	1	QUST/FULL	Echoes Along Grey Track
23	1	QUST/FULL	Echoes Along His Vector
23	1	QUST/FULL	Echoes In The Shellband
23	1	QUST/FULL	Echoes Of A Deadchannel
23	1	QUST/FULL	Echoes of Broken Orbits
23	1	QUST/FULL	Ghost Garden Trajectory
23	1	QUST/FULL	Ghost Lanes Convergence
23	1	QUST/FULL	Ghost Routes To Nowhere
23	1	QUST/FULL	Ghostlane Blood Freight
23	3	QUST/FULL	Ghosts In The Corridors
23	1	QUST/FULL	Ghosts In The Telemetry
23	1	QUST/FULL	Ghosts Of The Scrapline
23	1	QUST/FULL	Gravebound Trajectories
23	1	QUST/FULL	Gravewake In The Wrecks
23	1	QUST/FULL	Gravewardens Of FX-1555
23	1	QUST/FULL	Graveyard Brace Pattern
23	1	QUST/FULL	Graveyard Vector Routes
23	1	QUST/FULL	Harvest of the Catalyst
23	1	QUST/FULL	Harvested From Warnings
23	1	QUST/FULL	Ledger of Broken Orbits
23	1	QUST/FULL	Ledger of Silent Routes
23	1	QUST/FULL	Lines Beneath The Lanes
23	1	QUST/FULL	Lines Of Predicted Fire
23	1	QUST/FULL	Manifold Of Ghost Jumps
23	1	QUST/FULL	Manifold Of Ghost Lanes
23	1	QUST/FULL	Manifold of Ghost Lanes
23	1	QUST/FULL	Periapsis Strain Trials
23	1	QUST/FULL	Serpent in the Forecast
23	1	QUST/FULL	Shadowlines Convergence
23	1	QUST/FULL	Shadowlines In The Dark
23	1	QUST/FULL	Shroud In The Corridors
23	1	QUST/FULL	Silence Across The Line
23	1	QUST/FULL	Silent Frontier Culling
23	1	QUST/FULL	Smuggled Lines Of Sight
23	1	QUST/FULL	Splitband In The Gutter
23	1	QUST/FULL	Stillness Before Impact
23	1	QUST/FULL	Trails In The Manifests
23	1	QUST/FULL	Underbelly Stress Lines
23	1	QUST/FULL	Undergrid Balance Sheet
24	1	QUST/FULL	Borderline Supply Routes
24	1	QUST/FULL	Crosswinds And Contrails
24	1	QUST/FULL	Echo Correlator Crossing
24	1	QUST/FULL	Echoes Of The Driftfield
24	1	QUST/FULL	Echoes in the Grav Lanes
24	1	QUST/FULL	Graveyard Traffic Echoes
24	1	QUST/FULL	Graveyard of Bent Orbits
24	1	QUST/FULL	Ledger Of Failing Worlds
24	1	QUST/FULL	Manifolds Of The Missing
24	1	QUST/FULL	Silent Corridor Specimen
24	1	QUST/FULL	Sublevel Balance Signals
24	1	QUST/FULL	Underbelly of the Signal
24	1	QUST/FULL	Vectors Of Contamination
24	1	QUST/FULL	Vectors in Black Markets
24	1	QUST/FULL	Whispers Along The Pipes
25	1	QUST/FULL	Backtrace Below The Lanes
25	1	QUST/FULL	Beacon On Broken Accounts
25	1	QUST/FULL	Clients Beneath The Storm
25	1	QUST/FULL	Conduits to the Threshold
25	1	QUST/FULL	Discarded Lines Of Travel
25	1	QUST/FULL	Fractured Jump Arithmetic
25	1	QUST/FULL	Fragments On The Moonside
25	1	QUST/FULL	Gravelight's Missing Mass
25	1	QUST/FULL	Graveyard Of Honest Ships
25	1	QUST/FULL	Gravflux Behind the Storm
25	1	QUST/FULL	Gravlock's Hidden Vectors
25	1	QUST/FULL	Index Of Vanished Freight
25	1	QUST/FULL	Ledger Of Quiet Periapsis
25	1	QUST/FULL	Skylines of a False Orbit
25	1	QUST/FULL	Specterborn Freight Trail
25	1	QUST/FULL	Stormline's Silent Ledger
25	1	QUST/FULL	Underbelly of the Pattern
25	1	QUST/FULL	Vectors Toward Hearthline
25	1	QUST/FULL	Whispers In The Manifests
26	1	QUST/FULL	Cascade Of Missing Numbers
26	1	QUST/FULL	Graveyard Of Broken Wrecks
26	1	QUST/FULL	Hauler Of Forgotten Wrecks
26	1	QUST/FULL	Lockdown In The Driftfield
26	1	QUST/FULL	Paths Through Silent Space
26	1	QUST/FULL	Scarrunner's First Misjump
26	1	QUST/FULL	Starlanes Of The Discarded
26	1	QUST/FULL	Telemetry Of The Forgotten
26	1	QUST/FULL	Underwriters Silent Ledger
26	1	QUST/FULL	Whispers Along the Vectors
27	1	QUST/FULL	Graveyard Of Flying Coffins
27	1	QUST/FULL	Gravlock's Hidden Corridors
27	1	QUST/FULL	Ledger Beneath Still Orbits
28	1	QUST/FULL	Grav-Scored Ghost Trajectory
28	1	QUST/FULL	Schedules Of The Underwriter
28	1	QUST/FULL	Stormbroker's First Retainer
28	1	QUST/FULL	Substrate Of Quiet Periapsis
28	1	QUST/FULL	Through the Shoreline Window
28	1	QUST/FULL	Vectors Through Silent Space
28	1	QUST/FULL	Whispers Along Silent Routes
28	1	QUST/FULL	Whispers Beyond Survey Lines
50	7	QUST/FULL	Info: <Alias=BountyTarget> on <Alias=targetPlanet>
54	2	QUST/FULL	SpecInfo: <Alias=BountyTarget> on <Alias=targetPlanet>
56	5	QUST/FULL	Info: <Alias=PrimaryRef> At <Alias=TargetPlanetLocation>
59	2	QUST/FULL	Destroy: <Alias=PrimaryRef> At <Alias=TargetPlanetLocation>
