13	72	QUST/NNAM	Make A Choice
39	1	QUST/NNAM	Read the Storm Echo Log from Rosa Velez
40	1	QUST/NNAM	Read the Aegis Drift Log from Mason Kade
42	2	QUST/NNAM	Locate the <Alias=BountyTarget> At The Den
42	1	QUST/NNAM	Read the Grid Ghost Logs from Ria Calderon
42	1	QUST/NNAM	Read the Relay Ghost Log from Rhea Santoro
42	1	QUST/NNAM	Read the Shadow Asset Log from Kade Mercer
42	1	QUST/NNAM	Read the Vector Fork Log from Kara Mireles
43	2	QUST/NNAM	Locate the <Alias=BountyTarget> At HopeTown
43	1	QUST/NNAM	Locate the <Alias=BountyTarget> At Red Mile
43	7	QUST/NNAM	Locate the <Alias=BountyTarget> At The Well
43	1	QUST/NNAM	Read the Grav Shadow Log from Tessa Crowley
43	1	QUST/NNAM	Read the Shadow Manifests from Calen Rourke
43	1	QUST/NNAM	Read the Vector Drift Log from Kellan Ortiz
44	2	QUST/NNAM	Locate the <Alias=BountyTarget> At Neon Core
44	1	QUST/NNAM	Read the Aegis Shadow Trace from Mira Calder
44	1	QUST/NNAM	Read the Thermal Drift Log from Ethan Marrow
44	1	QUST/NNAM	Read the Tidal Route Index from Kara Mendoza
44	1	QUST/NNAM	Read the Variance Drift Log from Rico Valdez
44	1	QUST/NNAM	Recover the Grav Echo Slate from the PX-9199
45	6	QUST/NNAM	Locate the <Alias=BountyTarget> At The Clinic
45	1	QUST/NNAM	Read the Echo Fork Registry from Calen Rourke
45	1	QUST/NNAM	Read the Forked Vector Cache from Rico Vargan
45	1	QUST/NNAM	Read the Ghost Corridor Log from Davin Kordel
45	1	QUST/NNAM	Read the Ghost Window Chart from Kara Vescovi
45	1	QUST/NNAM	Read the Kade Pocket Ledger from Jace Morales
45	1	QUST/NNAM	Read the Ledger Spiral Map from Kellan Duarte
45	1	QUST/NNAM	Read the Mesh Trace Index from Nadia Korrigan
45	1	QUST/NNAM	Read the Split Route Ledger from Nina Corbett
45	1	QUST/NNAM	Recover the Grav Echo Ledger from the YP-4360
45	1	QUST/NNAM	Recover the Kryx Return Path from the KN-9575
45	1	QUST/NNAM	Recover the Quiet Eye Vector from the KN-7893
46	1	QUST/NNAM	Read the Aegis Shadow Routes from Kade Morrell
46	1	QUST/NNAM	Read the Blind Airpath Logs from Ruben Calvert
46	1	QUST/NNAM	Read the Convergence Relay Log from Jaxon Mire
46	1	QUST/NNAM	Read the Gravline Route Index from Riley Vance
46	1	QUST/NNAM	Read the Shadow Route Ledger from Darius Foyle
46	1	QUST/NNAM	Read the Silent Harbor Ledger from Naomi Varga
46	1	QUST/NNAM	Read the Silent Vector Brief from Calen Dravos
46	1	QUST/NNAM	Read the Spiral Dispatch Log from Lena Corbett
46	1	QUST/NNAM	Recover the Abort Horizon Log from the PX-3446
46	1	QUST/NNAM	Recover the Fold Inversion Path from the PX-15
46	1	QUST/NNAM	Recover the Grav Shear Ledger from the PX-7708
46	1	QUST/NNAM	Recover the Silent Convoy Log from the HM-6310
47	3	QUST/NNAM	Locate the <Alias=BountyTarget> At Neon Ebbside
47	4	QUST/NNAM	Locate the <Alias=BountyTarget> At New Atlantis
47	1	QUST/NNAM	Read the Broken Grid Handshake from Ronan Havel
47	1	QUST/NNAM	Read the Drifting Clinic Log from Mara Quintero
47	1	QUST/NNAM	Read the Dual Vector Manifest from Nadia Harrow
47	1	QUST/NNAM	Read the Ghost Corridor Index from Lena Corbett
47	1	QUST/NNAM	Read the Ghostlane Access Log from Lena Vorchak
47	1	QUST/NNAM	Read the Grave Lattice Ledger from Darren Kopec
47	1	QUST/NNAM	Read the Gravelight Drift Log from Rena Vasquez
47	1	QUST/NNAM	Read the Highland Shadow Ping from Lena Corbett
47	1	QUST/NNAM	Read the Stolen Vector Tablet from Damon Kellan
47	1	QUST/NNAM	Read the Tangent Relay Log from Kara Delvecchio
47	1	QUST/NNAM	Recover the Relay Spine Schema from the WK-9192
47	1	QUST/NNAM	Recover the Silent Exit Ledger from the LX-3802
48	2	QUST/NNAM	Locate the <Alias=BountyTarget> At Neon Rooftops
48	2	QUST/NNAM	Locate the <Alias=BountyTarget> At Neon Starport
48	3	QUST/NNAM	Locate the <Alias=BountyTarget> At New Homestead
48	4	QUST/NNAM	Locate the <Alias=BountyTarget> At Waggoner Farm
48	1	QUST/NNAM	Read the Blueglass Access Path from Kayla Rourke
48	1	QUST/NNAM	Read the Graveyard Route Ledger from Kade Mercer
48	1	QUST/NNAM	Read the Split Corridor Manifest from Kara Veldt
48	1	QUST/NNAM	Read the Storm-Track Field Log from Rico Dalhart
48	1	QUST/NNAM	Recover the Cold Brace Manifest from the OM-2098
49	9	QUST/NNAM	Locate the <Alias=BountyTarget> At Neon Ryujin HQ
49	1	QUST/NNAM	Read the Broken Vector Playbook from Lena Corbett
49	1	QUST/NNAM	Read the Discarded Route Shard from Nadia Serrano
49	1	QUST/NNAM	Read the Dryline Manifolds Index from Cole Varron
49	1	QUST/NNAM	Read the Phantom Corridor Logs from Sabine Kellar
49	1	QUST/NNAM	Read the Phantom Corridor Slate from Rhea Kozlova
49	1	QUST/NNAM	Read the Quiet Manifests Ledger from Lena Corbett
49	1	QUST/NNAM	Read the Stolen Corridor Chain from Kane Madrigal
49	1	QUST/NNAM	Recover the Null Window Briefing from the KN-4320
49	1	QUST/NNAM	Recover the Quiet Grid Schematic from the WK-2921
49	1	QUST/NNAM	Recover the Storm Table Fragment from the ZT-8387
49	1	QUST/NNAM	Recover the Vector Route Archive from the CM-1304
49	1	QUST/NNAM	Recover the Zero Point Itinerary from the VG-5970
50	15	QUST/NNAM	Locate the <Alias=BountyTarget> At Gagarin Landing
50	21	QUST/NNAM	Locate the <Alias=BountyTarget> At Neon Underbelly
50	1	QUST/NNAM	Read the Twinband Route Cache from Kara Delvecchio
50	1	QUST/NNAM	Read the Vanished Pilgrims Ledger from Rhea Calder
50	1	QUST/NNAM	Recover the Graveyard Route Index from the FX-1555
50	1	QUST/NNAM	Recover the Spin-Balance Manifest from the PX-2395
50	1	QUST/NNAM	Recover the Triage Route Manifest from the HM-7378
50	1	QUST/NNAM	Recover the Windowmaker Drift Log from the BL-6924
51	1	QUST/NNAM	Read the Duststorm Freight Ledger from Nadia Cortez
51	1	QUST/NNAM	Read the Overwatch Vector Trace from Rico Navarrete
52	1	QUST/NNAM	Recover the Convergent Route Schema from the LX-6790
53	1	QUST/NNAM	Read the Cheyenne Approach Fragment from Lena Corbett
53	1	QUST/NNAM	Read the Second Horizon Fieldnotes from Darren Kovacs
53	1	QUST/NNAM	Recover the Graveyard Burn Itinerary from the JN-7547
53	1	QUST/NNAM	Recover the Threshold Yield Patterns from the ZT-7430
54	1	QUST/NNAM	Locate the <Alias=BountyTarget> At Cydonia Central Hub
54	2	QUST/NNAM	Locate the <Alias=BountyTarget> At Neon Astrall Lounge
54	1	QUST/NNAM	Recover the Gravelight Balance Ledger from the LX-2547
55	1	QUST/NNAM	Locate the <Alias=BountyTarget> At Akila City Spaceport
55	1	QUST/NNAM	Read the Interference Flight Archive from Marla Keswick
55	1	QUST/NNAM	Read the Moonside Manifest Fragments from Rico Malloran
55	1	QUST/NNAM	Recover the Anchor Drift Log from the GC-5222 Stockwind
56	1	QUST/NNAM	Recover the Dust Haze Corridor from the Ironkeel TR-5394
56	1	QUST/NNAM	Recover the Echo Ledger Route from the Starborne TA-3154
56	1	QUST/NNAM	Recover the Echo Uplink Route from the Starwharf AX-3779
56	1	QUST/NNAM	Recover the Silent Yard Ledger from the Northstar CT-278
57	1	QUST/NNAM	Locate the <Alias=BountyTarget> At Akila City The Stretch
57	1	QUST/NNAM	Recover the Last Window Chart from the GL-7623 Assetguard
58	75	QUST/NNAM	Locate the <Alias=BountyTarget> At <Alias=DungeonLocation>
58	1	QUST/NNAM	Recover the Echo Vector Ledger from the Skyclipper TA-1174
58	1	QUST/NNAM	Recover the Grave Spin Ledger from the CB-6735 Trustsphere
58	1	QUST/NNAM	Recover the Grey Track Manifold from the Windcrier TA-6451
58	1	QUST/NNAM	Recover the Quiet Yard Manifest from the Longshore AX-7571
58	1	QUST/NNAM	Recover the Shadow Registry Map from the Tradewind LT-8645
59	12	QUST/NNAM	Destroy the <Alias=BountyTarget> At <Alias=DungeonLocation>
59	1	QUST/NNAM	Recover the <Alias=BountyTarget> At <Alias=DungeonLocation>
59	1	QUST/NNAM	Recover the Cheyenne Vector Log from the GC-8466 Depositron
59	1	QUST/NNAM	Recover the Gravline Audit Ledger from the LF-2357 Highnoon
59	1	QUST/NNAM	Recover the Null Vector Ledger from the BX-1113 Creditforge
59	1	QUST/NNAM	Recover the Nullwake Load Schedule from the Voyager AX-1329
60	1	QUST/NNAM	Locate the <Alias=BountyTarget> At Cydonia Residential Level
60	1	QUST/NNAM	Recover the Blind Corridor Ledger from the Seamender AX-6874
60	1	QUST/NNAM	Recover the Borderline Routing Log from the Widebeam AX-1562
60	1	QUST/NNAM	Recover the Drift Corridor Sketch from the Deepwater LT-7924
61	71	QUST/NNAM	Locate the <Alias=PrimaryRef> At <Alias=TargetPlanetLocation>
61	1	QUST/NNAM	Recover the Blind Corridor Ledger from the Tidewalker TA-7207
61	1	QUST/NNAM	Recover the Frontier Drift Ledger from the Silverwake AX-1824
61	1	QUST/NNAM	Recover the Green Corridor Draft from the GL-1355 Capitalwing
61	1	QUST/NNAM	Recover the Periapsis Route Ledger from the Deepwater TR-9346
61	1	QUST/NNAM	Recover the Turnpoint Claim Ledger from the GB-3498 Stockwind
62	1	QUST/NNAM	Recover the Sanctuary Yield Ledger from the GA-2267 Securehaul
64	1	QUST/NNAM	Recover the Collateral Drift Manifest from the FR-4274 Dustlance
65	1	QUST/NNAM	Recover the Underwriter Access Kernel from the CR-9292 Fundrunner
67	1	QUST/NNAM	Recover the Offset Transit Log from the VK-5408 Boneclaw cargo hold
67	1	QUST/NNAM	Recover the Spiral Drift Log from the DS-1671 Scarrunner cargo hold
67	1	QUST/NNAM	Recover the Stormbroker Contract Notes from the FC-9470 Prairiefire
71	1	QUST/NNAM	Recover the Silent Drift Manifest from the RS-8275 Riftblade cargo hold
