#batch	rows	chars	first_line	last_line	row_from	row_to
1	28	16348	2954	4411	1	28
2	25	16655	3951	4449	29	53
3	24	16696	4417	3491	54	77
4	23	16387	4339	4380	78	100
5	22	16046	3437	4369	101	122
6	22	16383	4422	3658	123	144
7	21	16000	3940	4285	145	165
8	21	16304	4440	4163	166	186
9	21	16594	3577	3300	187	207
10	20	16074	3968	3100	208	227
11	20	16375	4075	3801	228	247
12	20	16623	3809	3331	248	267
13	19	16056	4360	3898	268	286
14	19	16362	4515	3306	287	305
15	19	16576	3203	3253	306	324
16	19	16874	4084	4143	325	343
17	18	16305	3334	3320	344	361
18	18	16554	3746	4171	362	379
19	17	16004	3250	4540	380	396
20	17	16410	3048	3690	397	413
21	17	16842	3574	3557	414	430
22	16	16452	3085	4327	431	446
23	15	16725	3192	4265	447	461
24	1	1224	3031	3031	462	462
