#chars	hits	sig/sub	text
5	1	GBFM/FULL	PX-15
7	1	GBFM/FULL	BL-6924
7	1	GBFM/FULL	CM-1304
7	1	GBFM/FULL	FX-1555
7	1	GBFM/FULL	HM-6310
7	1	GBFM/FULL	HM-7378
7	1	GBFM/FULL	JN-7547
7	1	GBFM/FULL	KN-4320
7	1	GBFM/FULL	KN-7893
7	1	GBFM/FULL	KN-9575
7	1	GBFM/FULL	LX-2547
7	1	GBFM/FULL	LX-3802
7	1	GBFM/FULL	LX-6790
7	1	GBFM/FULL	OM-2098
7	1	GBFM/FULL	PX-2395
7	1	GBFM/FULL	PX-3446
7	1	GBFM/FULL	PX-7708
7	1	GBFM/FULL	PX-9199
7	1	GBFM/FULL	VG-5970
7	1	GBFM/FULL	WK-2921
7	1	GBFM/FULL	WK-9192
7	1	GBFM/FULL	YP-4360
7	1	GBFM/FULL	ZT-7430
7	1	GBFM/FULL	ZT-8387
8	1	QUST/FULL	043a1ad4
8	1	QUST/FULL	07976182
8	1	QUST/FULL	07991e6b
8	1	QUST/FULL	0da48c07
8	1	QUST/FULL	117a09cf
8	1	QUST/FULL	12040746
8	1	QUST/FULL	1d2d4f3c
8	1	QUST/FULL	2437d83d
8	1	QUST/FULL	2cb59e80
8	1	QUST/FULL	2e15d6d0
8	1	QUST/FULL	3685d464
8	1	QUST/FULL	370e1e43
8	1	QUST/FULL	372535f0
8	1	QUST/FULL	399e875e
8	1	QUST/FULL	3c20c437
8	1	QUST/FULL	3ff9a60f
8	1	QUST/FULL	4436a289
8	1	QUST/FULL	46872b93
8	1	QUST/FULL	574b0ed2
8	1	QUST/FULL	5835353d
8	1	QUST/FULL	5da31c95
8	1	QUST/FULL	694100c9
8	1	QUST/FULL	6b00953b
8	1	QUST/FULL	784cf282
8	1	QUST/FULL	78503ef3
8	1	QUST/FULL	7d9a0fea
8	1	QUST/FULL	7e15532b
8	1	QUST/FULL	82712803
8	1	QUST/FULL	865d9dab
8	1	QUST/FULL	879b6857
8	1	QUST/FULL	893bb2c5
8	1	QUST/FULL	8e492596
8	1	QUST/FULL	8f1ed84e
8	1	QUST/FULL	9124cf32
8	1	QUST/FULL	9180fb26
8	1	QUST/FULL	993419f3
8	1	QUST/FULL	9c27a507
8	1	QUST/FULL	9d785788
8	1	QUST/FULL	9e7fe6cd
8	1	QUST/FULL	ab85b9b9
8	1	QUST/FULL	ae2d093d
8	1	QUST/FULL	b1aef659
8	1	QUST/FULL	b4a88674
8	1	QUST/FULL	b4ad40ba
8	1	QUST/FULL	b4c95839
8	1	QUST/FULL	b698baad
8	1	QUST/FULL	babb19b8
8	1	QUST/FULL	c0a81b4d
8	1	QUST/FULL	c0e5b2e5
8	1	QUST/FULL	c4436b7f
8	1	QUST/FULL	c80a99c8
8	1	QUST/FULL	c8658d7b
8	1	QUST/FULL	d09cd094
8	1	QUST/FULL	d645b820
8	1	QUST/FULL	db8f9ae9
8	1	QUST/FULL	dbb00053
8	1	QUST/FULL	dcb8d8ae
8	1	QUST/FULL	e158b8fc
8	1	QUST/FULL	e2c51158
8	1	QUST/FULL	e5c91730
8	1	QUST/FULL	e67373e7
8	1	QUST/FULL	e98ddf0e
8	1	QUST/FULL	eb094765
8	1	QUST/FULL	eeda38f1
8	1	QUST/FULL	efe7657d
8	1	QUST/FULL	f1fe742f
8	1	QUST/FULL	f4b3ab99
8	1	QUST/FULL	f6522b27
8	1	QUST/FULL	f68defe6
8	1	QUST/FULL	f86ceb94
8	1	QUST/FULL	fb183616
186	1	MESG/DESC	The orbital vectors sketched across the stolen map match every storm-twisted farm, every anomalous reading along the Helium-3 line, then converge on one lonely band of rock and thin air.
199	1	MESG/DESC	When the hub ruptured, its last buffered frames unfroze into a single, clean spike on your console a narrow jump profile repeating the same heading you first saw whispered in that forgotten farm sky.
202	1	MESG/DESC	Cracked from the hangar's core, the buffer replays a single altered vector, looping toward a forgotten relay on the moon's dark side, hinting that the vanished freighters shared more than just bad luck.
203	1	MESG/DESC	A corrupt courier's notes, Neon backroom whispers, and a farmer's "stray shuttle" all spiral around the same call sign and jump corridor, finally sketching a path toward the next shadow he vanished into.
205	1	MESG/DESC	Hidden among nutrient flow schematics is a second pattern orbit tracks overlaid like crop rows, pointing away from the farmworld toward the same thin stretch of sky every other anomaly has quietly circled.
209	1	MESG/DESC	The buried model shows a corridor sketched only in tiny corrections, a phantom lane implied rather than drawn, each adjustment attributed to a different analyst who swears they only copied someone else's work.
210	1	MESG/DESC	Lines of altered jump data etched into the table match the drift patterns you saw in orbit and the near-miss reports whispered in Gagarin's bars.  \nTogether, they redraw the lanes toward a single, hidden node.
213	1	MESG/DESC	Decoded from the cargo ship's records, the faint signal in the rocks lines up with missing-lane reports and redacted crash files, pointing the hunt toward an unsanctioned corridor someone has been quietly shaping.
214	1	MESG/DESC	Hidden in the split archive, overlapping routes from Neon's whispers and SysDef's erased patrols resolve into one repeating void where traffic bends and records go blind, nudging the hunt toward that missing piece.
215	1	MESG/DESC	Recovered traffic bursts show the pirate hauler adjusting its drift to match an erased beacon's rhythm, proving someone is feeding Crimson Fleet the same bent lanes whispered about in Neon and buried in SysDef logs.
217	1	MESG/DESC	Decoded coordinates bloom across the display, the same fractured signature stitched through clinic logs and stolen robotics code, now pointing to one forgotten system.  \nThe pattern is no longer rumor; it is a route.
219	1	MESG/DESC	Decoded pulse timings from the marker sketch a forbidden curve through UC space, ending not at a port but at a forgotten Navy hull.  \nWhoever laid those vectors wanted the next questions asked in that derelict silence.
225	1	MESG/DESC	Cross-checking the ledger's ghost entries against the dead station's routing tables, one name repeats where every ship vanishes.  \nThe pattern points past corporate space, toward the forgotten moon where her relay went dark.
227	1	MESG/DESC	The forged entries split honest haulers from a single unlogged ship, all quietly diverted along the same off-chart corridor.  \nFollow that divergence, and the hunt veers toward the next hidden waypoint in his personal network.
230	1	MESG/DESC	In the Vanguard wreck's dim lab, a fragmentary log links those unstable samples to a quiet data handoff planetside.  \nThe name attached to the transfer points you back toward Neon, and someone willing to pay for impossible drift.
233	1	MESG/DESC	Decoded in the relay's dim light, the Quiet Current Log traces forgiven debts and reversed charges along a single crooked trade lane, pointing past farms and fringe rocks toward one stubborn, hidden node still drinking from the grid.
237	1	MESG/DESC	Scrawled beside dull routine reports, the rough arc of derelict orbits does not match any official chart.  \nFollowed outward, that hand-drawn curve points past anonymous wreckage toward where someone has been quietly arranging the dead.
239	1	MESG/DESC	The encrypted tag buried in the ship's maintenance logs does not name a place, only a service corridor designation that should not exist.  \nCross-checking it against city records, one word keeps reappearing in redacted margins: Underwell.
240	1	MESG/DESC	In the relay's corrupted buffers, the same ship ID surfaces again and again, stitched beside a Navy combat designation.  \nFollow that designation, and every falsified distress call now curves toward the drifting hulk waiting in deep orbit.
240	1	MESG/DESC	Pieced together from corrupted entries, the log shows a freighter jumping clean yet arriving scattered across empty space.  \nEvery misaligned timestamp points outward, away from the homestead, toward a silent orbit no beacon admits exists.
243	1	MESG/DESC	Decoded in the homestead's dusty comms shack, the pattern in the key twists every local approach into the same narrow corridor.  \nFollowed backward, those lines all converge on one unfinished segment, hanging in deep space like an invitation.
243	1	MESG/DESC	The memo charts tiny course changes nobody logged, each one shaving fuel and widening risk until every "accident" shares the same unseen hand.  \nFollow its final margin, and the trail steps beyond quiet stations into someone else's kill zone.
244	1	MESG/DESC	Decoded, the anchor's pattern reshapes your whole star map, every altered convoy route bending toward one lifeless world no sane pilot ever files for.  \nWhat looked like random failures now sketches a corridor straight to her chosen graveyard.
246	1	MESG/DESC	The firmware's scrubbed header repeats a single unauthorized route, looping from forgotten moons to the same silent insurance hulk in deep orbit.  \nFollow that pattern, and her supply-chain ghost resolves into the outline of a ship-shaped vault.
253	1	MESG/DESC	Decoded route-shifts on the freighter's logline mirror the half-erased entries from the listening post, sketching an unseen hand curving ships off-chart.  \n\nFollow that bent path, and the next correction point waits in the dark between official lanes.
257	1	MESG/DESC	The routes etched across the map mirror old patrol lanes, then bend away into gaps the UC never admits watching.  \nFollowing those chalked detours, the hunt narrows toward a single, overused corridor where a ghost keeps slipping between factions unnoticed.
262	1	MESG/DESC	Scrawled between corrupted SysDef routing codes, the phrase resurfaces in three different hands.  \nEach points from forgotten patrol logs and a dead yard contract toward the same gutter corridors below Neon, where shipbreakers sell new identities to old ghosts.
265	1	MESG/DESC	Each fragmented timestamp in the log matches a missing departure from HopeTown and bends toward the same off-map angle.  \n\nWhat looked like random vanishings now traces a single hand, drawing a corridor that began with a dead relay and a forgotten backwater rock.
266	1	MESG/DESC	Cracked logs in the bunker replay a half-erased transmission, its origin skipping between dead beacons and one unmarked node at the system's edge.  \nThe pattern is messy, incomplete, but every echo leans the hunt toward a place that should not be listening anymore.
267	1	MESG/DESC	Decoded telemetry from the beacon shows two diverging descent patterns, each ending in different storm-choked corridors.  \nFollowing one means chasing his flight path; the other traces payments and erased manifests back toward whoever first paid him to vanish ships.
269	1	MESG/DESC	Decoded from the dusty relay buffers, the ghost signals sketch a crooked arc through junk-choked orbits, ending at a sector every chart marks as unprofitable.  \nFollowing that trail means leaving the busy lanes for wherever someone has been quietly gathering the dead.
271	1	MESG/DESC	The orphaned sensor logs show his trail pulling apart mid-orbit, one course bending toward familiar shipping lanes, the other vanishing into thin, uncharted dark.  \nFollow the fracture, and the next stage of the hunt lies where those diverging paths finally cross again.
275	1	MESG/DESC	The ledger's timestamps line up like teeth in a locked gear, mapping every altered delay from backwater couriers to Navy patrols.  \nFollow the sequence outward, and the pattern bends away from New Atlantis, pointing you toward the quiet orbit where his next rehearsal waits.
276	1	MESG/DESC	The log reveals a single ship threaded through an unregistered corridor, its course bending away from public lanes toward the untouched dark.  \nFollow that faint path, and the next stage lies where his private routes first diverged from the charts everyone else still trusts.
281	1	MESG/DESC	Each falsified entry lines up like cut marks along a hull, every off-the-clock shift and sealed crate quietly redirected toward the same forgotten breaker yard.  \nThe paperwork never names her, but the routes all spiral back to dead Deimos metal and one forewoman's old contracts.
287	1	MESG/DESC	Numbers etched into a maintenance console map out a second climb, this time away from failed domes and forgotten farms.  \nCross-referenced with the courier's stray logs and the garage's altered rig schematics, the pattern tightens; every path he touched bends toward the same rough sky.
287	1	MESG/DESC	Printed over forgotten SysDef schematics, the map shows credit flows bending toward a single, unmarked junction beneath the core worlds.  \nWhat started as locker gossip in Neon's depths now traces a hidden corridor where numbers vanish and someone like Ledger could step through unseen.
291	1	MESG/DESC	A single forgotten access tag, buried in the courier's traffic logs, flickers with a route that begins in Neon's polished heart and ends nowhere on any charted manifest.  \nFollow that ghost authorization, and the straight cargo run becomes a bridge toward wherever she stepped off the grid.
295	1	MESG/DESC	Decoded from the vault-ship's cold archives, the pattern of altered jumps and silenced warnings forms a single, elegant trajectory.  \nFollowed backwards, every storm, every denial, every dead relay resolves into one converging line, pointing toward where Vector has been guiding the sky itself.
295	1	MESG/DESC	The stolen routing file redraws Neon's maintenance arteries, threading hidden service tunnels into the same shadow lanes your earlier freight yard logs marked as "accidental" failure zones.  \nTogether, they trace Vector's preferred approach vector toward her next grav-sensitive hunting ground.
297	1	MESG/DESC	Dockside gossip knots around a single soft-spoken courier, the same accent and half-glimpsed sigil surfacing in stories from loaders, med techs, and smugglers alike.  \nPulled together, those whispers nudge the hunt toward Neon's shadows and the forgotten routes only old hands still dare to name.
299	1	MESG/DESC	Miners once joked the soil there pulled a little harder, that dropped tools fell at a "crooked angle."  \nLab scans of the residue prove it: the same subtle distortion seen in misaligned beacons and dead relays, pointing toward a region of space where gravity itself seems to be learning new tricks.
